Title	fileName	relatedProducts	Languages	Document type	Partner Hub	extension	createdDate	fullPath	fileSize
	115_3Scale_API_Custom_Metrics_1020.svg	3Scale				svg	2021-09-13	for-web/3Scale/115_3Scale/115_3Scale_API_Custom_Metrics_1020.svg	8303
	206_3Scale_Admin_API_Gateway_0122_authentication.png	3Scale				png	2022-01-21	for-web/3Scale/206_3Scale/206_3Scale_Admin_API_Gateway_0122_authentication.png	75760
	206_3Scale_Admin_API_Gateway_0122_where-it-is.png	3Scale				png	2022-01-21	for-web/3Scale/206_3Scale/206_3Scale_Admin_API_Gateway_0122_where-it-is.png	48308
	289_3scale_HA_active-passive_clusters_1122_1.png	3Scale				png	2022-11-11	for-web/3Scale/289_3scale/289_3scale_HA_active-passive_clusters_1122_1.png	136069
	289_3scale_HA_active-passive_clusters_1122_2.png	3Scale				png	2022-11-11	for-web/3Scale/289_3scale/289_3scale_HA_active-passive_clusters_1122_2.png	122638
	117_AMQ_Security_Options_Kafka_0920-auth.svg	AMQ_Streams				svg	2022-12-06	for-web/AMQ_Streams/117_AMQ/117_AMQ_Security_Options_Kafka_0920-auth.svg	2968
	117_AMQ_Security_Options_Kafka_0920-listeners.svg	AMQ_Streams				svg	2022-12-06	for-web/AMQ_Streams/117_AMQ/117_AMQ_Security_Options_Kafka_0920-listeners.svg	4914
	119_AMQ_Online_on_OpenShift_updates_0920_KK-brokered.svg	AMQ_Streams				svg	2022-12-06	for-web/AMQ_Streams/119_AMQ/119_AMQ_Online_on_OpenShift_updates_0920_KK-brokered.svg	17448
	119_AMQ_Online_on_OpenShift_updates_0920_KK-standard.svg	AMQ_Streams				svg	2022-12-06	for-web/AMQ_Streams/119_AMQ/119_AMQ_Online_on_OpenShift_updates_0920_KK-standard.svg	9626
	120_AMQ_Broker_1020-Figure7.2.svg	AMQ_Streams				svg	2022-12-06	for-web/AMQ_Streams/120_AMQ/120_AMQ_Broker_1020-Figure7.2.svg	64752
	120_AMQ_Broker_1020-address-ring.svg	AMQ_Streams				svg	2022-12-06	for-web/AMQ_Streams/120_AMQ/120_AMQ_Broker_1020-address-ring.svg	9933
	120_AMQ_Broker_1020-address-symmetric.svg	AMQ_Streams				svg	2022-12-06	for-web/AMQ_Streams/120_AMQ/120_AMQ_Broker_1020-address-symmetric.svg	10085
	120_AMQ_Broker_1020-address.svg	AMQ_Streams				svg	2022-12-06	for-web/AMQ_Streams/120_AMQ/120_AMQ_Broker_1020-address.svg	10006
	120_AMQ_Broker_1020-queue-1.svg	AMQ_Streams				svg	2022-12-06	for-web/AMQ_Streams/120_AMQ/120_AMQ_Broker_1020-queue-1.svg	7507
	120_AMQ_Broker_1020-queue-2.svg	AMQ_Streams				svg	2022-12-06	for-web/AMQ_Streams/120_AMQ/120_AMQ_Broker_1020-queue-2.svg	6493
	120_AMQ_Broker_1020-queue-symmetry-1.svg	AMQ_Streams				svg	2022-12-06	for-web/AMQ_Streams/120_AMQ/120_AMQ_Broker_1020-queue-symmetry-1.svg	8406
	120_AMQ_Broker_1020-queue-symmetry-2.svg	AMQ_Streams				svg	2022-12-06	for-web/AMQ_Streams/120_AMQ/120_AMQ_Broker_1020-queue-symmetry-2.svg	8633
	120_AMQ_Broker_1020-queue-symmetry-3.svg	AMQ_Streams				svg	2022-12-06	for-web/AMQ_Streams/120_AMQ/120_AMQ_Broker_1020-queue-symmetry-3.svg	8438
	120_AMQ_Broker_1120-Figure7.1.svg	AMQ_Streams				svg	2022-12-06	for-web/AMQ_Streams/120_AMQ/120_AMQ_Broker_1120-Figure7.1.svg	48730
	120_AMQ_Broker_1120-Figure7.3.svg	AMQ_Streams				svg	2022-12-06	for-web/AMQ_Streams/120_AMQ/120_AMQ_Broker_1120-Figure7.3.svg	55173
	120_AMQ_Broker_1120-Figure7.4.svg	AMQ_Streams				svg	2022-12-06	for-web/AMQ_Streams/120_AMQ/120_AMQ_Broker_1120-Figure7.4.svg	82832
	120_AMQ_Broker_1120-address-complete.svg	AMQ_Streams				svg	2022-12-06	for-web/AMQ_Streams/120_AMQ/120_AMQ_Broker_1120-address-complete.svg	14146
	120_AMQ_Broker_1120-address-fan-out.svg	AMQ_Streams				svg	2022-12-06	for-web/AMQ_Streams/120_AMQ/120_AMQ_Broker_1120-address-fan-out.svg	14372
	120_AMQ_Broker_0921_load-balancing.png	AMQ_Streams				png	2022-12-06	for-web/AMQ_Streams/120_AMQ/PNGs/120_AMQ_Broker_0921_load-balancing.png	79652
	120_AMQ_Broker_1120_Figure7.1.png	AMQ_Streams				png	2022-12-06	for-web/AMQ_Streams/120_AMQ/PNGs/120_AMQ_Broker_1120_Figure7.1.png	34753
	120_AMQ_Broker_1120_Figure7.2.png	AMQ_Streams				png	2022-12-06	for-web/AMQ_Streams/120_AMQ/PNGs/120_AMQ_Broker_1120_Figure7.2.png	43330
	120_AMQ_Broker_1120_Figure7.3.png	AMQ_Streams				png	2022-12-06	for-web/AMQ_Streams/120_AMQ/PNGs/120_AMQ_Broker_1120_Figure7.3.png	42626
	120_AMQ_Broker_1120_Figure7.4.png	AMQ_Streams				png	2022-12-06	for-web/AMQ_Streams/120_AMQ/PNGs/120_AMQ_Broker_1120_Figure7.4.png	52138
	120_AMQ_Broker_1120_address-complete.png	AMQ_Streams				png	2022-12-06	for-web/AMQ_Streams/120_AMQ/PNGs/120_AMQ_Broker_1120_address-complete.png	53340
	120_AMQ_Broker_1120_address-fan-out.png	AMQ_Streams				png	2022-12-06	for-web/AMQ_Streams/120_AMQ/PNGs/120_AMQ_Broker_1120_address-fan-out.png	40865
	120_AMQ_Broker_1120_address-ring.png	AMQ_Streams				png	2022-12-06	for-web/AMQ_Streams/120_AMQ/PNGs/120_AMQ_Broker_1120_address-ring.png	32995
	120_AMQ_Broker_1120_address-symmetric.png	AMQ_Streams				png	2022-12-06	for-web/AMQ_Streams/120_AMQ/PNGs/120_AMQ_Broker_1120_address-symmetric.png	29874
	120_AMQ_Broker_1120_address.png	AMQ_Streams				png	2022-12-06	for-web/AMQ_Streams/120_AMQ/PNGs/120_AMQ_Broker_1120_address.png	29615
	120_AMQ_Broker_1120_chain.png	AMQ_Streams				png	2022-12-06	for-web/AMQ_Streams/120_AMQ/PNGs/120_AMQ_Broker_1120_chain.png	40624
	120_AMQ_Broker_1120_colocated.png	AMQ_Streams				png	2022-12-06	for-web/AMQ_Streams/120_AMQ/PNGs/120_AMQ_Broker_1120_colocated.png	27563
	120_AMQ_Broker_1120_live-only.png	AMQ_Streams				png	2022-12-06	for-web/AMQ_Streams/120_AMQ/PNGs/120_AMQ_Broker_1120_live-only.png	42828
	120_AMQ_Broker_1120_queue-1.png	AMQ_Streams				png	2022-12-06	for-web/AMQ_Streams/120_AMQ/PNGs/120_AMQ_Broker_1120_queue-1.png	26342
	120_AMQ_Broker_1120_queue-2.png	AMQ_Streams				png	2022-12-06	for-web/AMQ_Streams/120_AMQ/PNGs/120_AMQ_Broker_1120_queue-2.png	24776
	120_AMQ_Broker_1120_queue-symmetry-1.png	AMQ_Streams				png	2022-12-06	for-web/AMQ_Streams/120_AMQ/PNGs/120_AMQ_Broker_1120_queue-symmetry-1.png	27944
	120_AMQ_Broker_1120_queue-symmetry-2.png	AMQ_Streams				png	2022-12-06	for-web/AMQ_Streams/120_AMQ/PNGs/120_AMQ_Broker_1120_queue-symmetry-2.png	29620
	120_AMQ_Broker_1120_queue-symmetry-3.png	AMQ_Streams				png	2022-12-06	for-web/AMQ_Streams/120_AMQ/PNGs/120_AMQ_Broker_1120_queue-symmetry-3.png	28377
	120_AMQ_Broker_1120_replication.png	AMQ_Streams				png	2022-12-06	for-web/AMQ_Streams/120_AMQ/PNGs/120_AMQ_Broker_1120_replication.png	31588
	120_AMQ_Broker_1120_shared.png	AMQ_Streams				png	2022-12-06	for-web/AMQ_Streams/120_AMQ/PNGs/120_AMQ_Broker_1120_shared.png	21466
	120_AMQ_Broker_1120_symmetric.png	AMQ_Streams				png	2022-12-06	for-web/AMQ_Streams/120_AMQ/PNGs/120_AMQ_Broker_1120_symmetric.png	46850
	128_AMQ_Rack_Schema_1220.svg	AMQ_Streams				svg	2022-12-06	for-web/AMQ_Streams/128_AMQ/128_AMQ_Rack_Schema_1220.svg	23011
	130_AMQ_Interconnect_Virtual_App_Network_0121.svg	AMQ_Streams				svg	2022-12-06	for-web/AMQ_Streams/130_AMQ/130_AMQ_Interconnect_Virtual_App_Network_0121.svg	8767
	130_AMQ_Interconnect_Virtual_App_Network_0821.svg	AMQ_Streams				svg	2022-12-06	for-web/AMQ_Streams/130_AMQ/130_AMQ_Interconnect_Virtual_App_Network_0821.svg	7955
	195_AMQ_Strimzi_Kafka_Overview_1121_kubernetes.png	AMQ_Streams				png	2022-12-06	for-web/AMQ_Streams/195_AMQ/195_AMQ_Strimzi_Kafka_Overview_1121_kubernetes.png	52457
	195_AMQ_Strimzi_Kafka_Overview_1121_openshift.png	AMQ_Streams				png	2022-12-06	for-web/AMQ_Streams/195_AMQ/195_AMQ_Strimzi_Kafka_Overview_1121_openshift.png	54076
	195_AMQ_Strimzi_Kafka_Overview_1121_sink.png	AMQ_Streams				png	2022-12-06	for-web/AMQ_Streams/195_AMQ/195_AMQ_Strimzi_Kafka_Overview_1121_sink.png	142562
	195_AMQ_Strimzi_Kafka_Overview_1121_source.png	AMQ_Streams				png	2022-12-06	for-web/AMQ_Streams/195_AMQ/195_AMQ_Strimzi_Kafka_Overview_1121_source.png	142418
	212_RH_Streams_Resource_Request_Limits_0322_1.png	AMQ_Streams				png	2022-12-06	for-web/AMQ_Streams/212_Streams/212_RH_Streams_Resource_Request_Limits_0322_1.png	33370
	212_RH_Streams_Resource_Request_Limits_0322_2.png	AMQ_Streams				png	2022-12-06	for-web/AMQ_Streams/212_Streams/212_RH_Streams_Resource_Request_Limits_0322_2.png	22859
	212_RH_Streams_Resource_Request_Limits_0322_3.png	AMQ_Streams				png	2022-12-06	for-web/AMQ_Streams/212_Streams/212_RH_Streams_Resource_Request_Limits_0322_3.png	34543
	212_RH_Streams_Resource_Request_Limits_0322_4.png	AMQ_Streams				png	2022-12-06	for-web/AMQ_Streams/212_Streams/212_RH_Streams_Resource_Request_Limits_0322_4.png	30174
	212_RH_Streams_Resource_Request_Limits_0322_5.png	AMQ_Streams				png	2022-12-06	for-web/AMQ_Streams/212_Streams/212_RH_Streams_Resource_Request_Limits_0322_5.png	40993
	212_RH_Streams_Resource_Request_Limits_0322_6.png	AMQ_Streams				png	2022-12-06	for-web/AMQ_Streams/212_Streams/212_RH_Streams_Resource_Request_Limits_0322_6.png	32533
	221_RH_Streams_Security_updates_0222_listeners.png	AMQ_Streams				png	2022-12-06	for-web/AMQ_Streams/221_Streams/221_RH_Streams_Security_updates_0222_listeners.png	58186
	222_RH_Streams_oAuth_Keyclock_0222_4.png	AMQ_Streams				png	2022-12-06	for-web/AMQ_Streams/222_Streams/222_RH_Streams_oAuth_Keyclock_0222_4.png	30957
	222_RH_Streams_oAuth_Keyclock_0222_config-options.png	AMQ_Streams				png	2022-12-06	for-web/AMQ_Streams/222_Streams/222_RH_Streams_oAuth_Keyclock_0222_config-options.png	29276
	222_RH_Streams_oAuth_Keyclock_0222_kafka-bridge.png	AMQ_Streams				png	2022-12-06	for-web/AMQ_Streams/222_Streams/222_RH_Streams_oAuth_Keyclock_0222_kafka-bridge.png	48751
	222_RH_Streams_oAuth_Keyclock_0222_mirrormaker-1.png	AMQ_Streams				png	2022-12-06	for-web/AMQ_Streams/222_Streams/222_RH_Streams_oAuth_Keyclock_0222_mirrormaker-1.png	31729
	222_RH_Streams_oAuth_Keyclock_0222_mirrormaker-2.png	AMQ_Streams				png	2022-12-06	for-web/AMQ_Streams/222_Streams/222_RH_Streams_oAuth_Keyclock_0222_mirrormaker-2.png	99059
	222_RH_Streams_oAuth_Keyclock_0222_oauth-plain-access.png	AMQ_Streams				png	2022-12-06	for-web/AMQ_Streams/222_Streams/222_RH_Streams_oAuth_Keyclock_0222_oauth-plain-access.png	64177
	222_RH_Streams_oAuth_Keyclock_0222_oauth-plain-client.png	AMQ_Streams				png	2022-12-06	for-web/AMQ_Streams/222_Streams/222_RH_Streams_oAuth_Keyclock_0222_oauth-plain-client.png	68466
	222_RH_Streams_oAuth_Keyclock_0222_on-RHEL.png	AMQ_Streams				png	2022-12-06	for-web/AMQ_Streams/222_Streams/222_RH_Streams_oAuth_Keyclock_0222_on-RHEL.png	53705
	222_RH_Streams_oAuth_Keyclock_0222_rack-config.png	AMQ_Streams				png	2022-12-06	for-web/AMQ_Streams/222_Streams/222_RH_Streams_oAuth_Keyclock_0222_rack-config.png	72405
	222_RH_Streams_oAuth_Keyclock_0222_security.png	AMQ_Streams				png	2022-12-06	for-web/AMQ_Streams/222_Streams/222_RH_Streams_oAuth_Keyclock_0222_security.png	66311
	222_RH_Streams_oAuth_Keyclock_0322_1.png	AMQ_Streams				png	2022-12-06	for-web/AMQ_Streams/222_Streams/222_RH_Streams_oAuth_Keyclock_0322_1.png	38780
	222_RH_Streams_oAuth_Keyclock_0322_2.png	AMQ_Streams				png	2022-12-06	for-web/AMQ_Streams/222_Streams/222_RH_Streams_oAuth_Keyclock_0322_2.png	36523
	222_RH_Streams_oAuth_Keyclock_0322_3.png	AMQ_Streams				png	2022-12-06	for-web/AMQ_Streams/222_Streams/222_RH_Streams_oAuth_Keyclock_0322_3.png	34818
	222_RH_Streams_oAuth_Keyclock_0322_listener-config-options.png	AMQ_Streams				png	2022-12-06	for-web/AMQ_Streams/222_Streams/222_RH_Streams_oAuth_Keyclock_0322_listener-config-options.png	63398
	222_RH_Streams_oAuth_Keyclock_1122_listener-config-options.png	AMQ_Streams				png	2022-12-06	for-web/AMQ_Streams/222_Streams/222_RH_Streams_oAuth_Keyclock_1122_listener-config-options.png	65867
	296_AMQ_Streams_on_OpenShift_Overview_1222_sink.png	AMQ_Streams				png	2022-12-06	for-web/AMQ_Streams/296_AMQ_Streams/296_AMQ_Streams_on_OpenShift_Overview_1222_sink.png	142546
	201_Ansible_Reference_arch_1221.png	Ansible				png	2022-03-10	for-web/Ansible/201_Ansible/201_Ansible_Reference_arch_1221.png	151218
	228_Ansible_Process_Overview_0322_1.png	Ansible				png	2022-03-11	for-web/Ansible/228_Ansible/228_Ansible_Process_Overview_0322_1.png	122332
	228_Ansible_Process_Overview_0322_2.png	Ansible				png	2022-03-11	for-web/Ansible/228_Ansible/228_Ansible_Process_Overview_0322_2.png	123514
	236_Ansible_Reference_Arch_update_0422.png	Ansible				png	2022-04-05	for-web/Ansible/236_Ansible/236_Ansible_Reference_Arch_update_0422.png	154597
	236_Ansible_Reference_Arch_update_0422_ansible_tower.png	Ansible				png	2022-04-05	for-web/Ansible/236_Ansible/236_Ansible_Reference_Arch_update_0422_ansible_tower.png	33107
	236_Ansible_Reference_Arch_update_0422_bastion.png	Ansible				png	2022-04-05	for-web/Ansible/236_Ansible/236_Ansible_Reference_Arch_update_0422_bastion.png	85803
	236_Ansible_Reference_Arch_update_0422_hop.png	Ansible				png	2022-04-05	for-web/Ansible/236_Ansible/236_Ansible_Reference_Arch_update_0422_hop.png	101218
	236_Ansible_Reference_Arch_update_0422_map.png	Ansible				png	2022-04-05	for-web/Ansible/236_Ansible/236_Ansible_Reference_Arch_update_0422_map.png	298958
	285_Ansible_SDK_local_executor_1022.png	Ansible				png	2022-10-13	for-web/Ansible/285_Ansible/285_Ansible_SDK_local_executor_1022.png	97527
	285_Ansible_SDK_local_executor_1022.svg	Ansible				svg	2022-10-13	for-web/Ansible/285_Ansible/285_Ansible_SDK_local_executor_1022.svg	7453
	285_Ansible_SDK_local_executor_1022_1.png	Ansible				png	2022-10-24	for-web/Ansible/285_Ansible/285_Ansible_SDK_local_executor_1022_1.png	74129
	285_Ansible_SDK_local_executor_1022_1.svg	Ansible				svg	2022-10-24	for-web/Ansible/285_Ansible/285_Ansible_SDK_local_executor_1022_1.svg	5897
	285_Ansible_SDK_local_executor_1022_2.png	Ansible				png	2022-10-24	for-web/Ansible/285_Ansible/285_Ansible_SDK_local_executor_1022_2.png	65563
	285_Ansible_SDK_local_executor_1022_2.svg	Ansible				svg	2022-10-24	for-web/Ansible/285_Ansible/285_Ansible_SDK_local_executor_1022_2.svg	5409
	285_Ansible_SDK_local_executor_1022_3.svg	Ansible				svg	2022-10-27	for-web/Ansible/285_Ansible/285_Ansible_SDK_local_executor_1022_3.svg	6412
	285_Ansible_SDK_local_executor_1122_3.png	Ansible				png	2022-11-08	for-web/Ansible/285_Ansible/285_Ansible_SDK_local_executor_1122_3.png	74696
	285_Ansible_SDK_local_executor_1122_3.svg	Ansible				svg	2022-11-08	for-web/Ansible/285_Ansible/285_Ansible_SDK_local_executor_1122_3.svg	6249
	141_Ceph_installation_0221.svg	Ceph				svg	2021-09-13	for-web/Ceph/141_Ceph/141_Ceph_installation_0221.svg	3779
	141_Ceph_installation_0221_MDS.svg	Ceph				svg	2021-09-13	for-web/Ceph/141_Ceph/141_Ceph_installation_0221_MDS.svg	4367
	149_Ceph_Auto-scalling_0321_merging.svg	Ceph				svg	2021-09-13	for-web/Ceph/149_Ceph/149_Ceph_Auto-scalling_0321_merging.svg	11503
	149_Ceph_Auto-scalling_0321_splitting.svg	Ceph				svg	2021-09-13	for-web/Ceph/149_Ceph/149_Ceph_Auto-scalling_0321_splitting.svg	13037
	154_Ceph_Block_Device_0421.png	Ceph				png	2021-09-14	for-web/Ceph/154_Ceph/154_Ceph_Block_Device_0421.png	37290
	154_Ceph_Block_Device_0921_gateway_ha.png	Ceph				png	2021-09-14	for-web/Ceph/154_Ceph/154_Ceph_Block_Device_0921_gateway_ha.png	56418
	154_Ceph_Block_Device_0921_layering.png	Ceph				png	2021-09-14	for-web/Ceph/154_Ceph/154_Ceph_Block_Device_0921_layering.png	27202
	154_Ceph_Block_Device_0921_one-way.png	Ceph				png	2021-09-14	for-web/Ceph/154_Ceph/154_Ceph_Block_Device_0921_one-way.png	32930
	154_Ceph_Block_Device_0921_snapshot.png	Ceph				png	2021-09-14	for-web/Ceph/154_Ceph/154_Ceph_Block_Device_0921_snapshot.png	19321
	154_Ceph_Block_Device_0921_two-way.png	Ceph				png	2021-09-14	for-web/Ceph/154_Ceph/154_Ceph_Block_Device_0921_two-way.png	46462
	157_Ceph_File_System_1021_1.png	Ceph				png	2021-10-18	for-web/Ceph/157_Ceph/157_Ceph_File_System_1021_1.png	67222
	157_Ceph_File_System_1021_2.png	Ceph				png	2021-10-18	for-web/Ceph/157_Ceph/157_Ceph_File_System_1021_2.png	41554
	Cephadm_deployment.png	Ceph				png	2021-11-17	for-web/Ceph/158_Ceph/Cephadm_deployment.png	114190
	HAProxy.png	Ceph				png	2021-12-06	for-web/Ceph/158_Ceph/HAProxy.png	69496
	233_Ceph_Installtion_Guide_updates_0322_performance.png	Ceph				png	2022-03-18	for-web/Ceph/233_Ceph/233_Ceph_Installtion_Guide_updates_0322_performance.png	99447
	250_Ceph_RESTful_Access_updates_0522.png	Ceph				png	2022-06-01	for-web/Ceph/250_Ceph/250_Ceph_RESTful_Access_updates_0522.png	111596
	252_Ceph_Installation_Guide_updates_0522.png	Ceph				png	2022-05-31	for-web/Ceph/252_Ceph/252_Ceph_Installation_Guide_updates_0522.png	134948
	124_Codeready_workspaces_EUG_1120-client-server.svg	Codeready				svg	2021-09-13	for-web/Codeready/124_Codeready/124_Codeready_workspaces_EUG_1120-client-server.svg	4816
	124_Codeready_workspaces_EUG_1120-lifecycle.svg	Codeready				svg	2021-09-13	for-web/Codeready/124_Codeready/124_Codeready_workspaces_EUG_1120-lifecycle.svg	6986
	124_Codeready_workspaces_EUG_1120-workspace.svg	Codeready				svg	2021-09-13	for-web/Codeready/124_Codeready/124_Codeready_workspaces_EUG_1120-workspace.svg	11743
	166_Data_Grid_Sizing_0521_2.2.1._in-memory.svg	Data_Grid				svg	2021-09-13	for-web/Data_Grid/166_Data_Grid/166_Data_Grid_Sizing_0521_2.2.1._in-memory.svg	7821
	166_Data_Grid_Sizing_0521_2.2.2._in-line.svg	Data_Grid				svg	2021-09-13	for-web/Data_Grid/166_Data_Grid/166_Data_Grid_Sizing_0521_2.2.2._in-line.svg	7417
	166_Data_Grid_Sizing_0521_2.2.3_distributed.svg	Data_Grid				svg	2021-09-13	for-web/Data_Grid/166_Data_Grid/166_Data_Grid_Sizing_0521_2.2.3_distributed.svg	9265
	166_Data_Grid_Sizing_0521_2.2.4._session.svg	Data_Grid				svg	2021-09-13	for-web/Data_Grid/166_Data_Grid/166_Data_Grid_Sizing_0521_2.2.4._session.svg	8346
	166_Data_Grid_Sizing_0521_2.2.5_cross-site.svg	Data_Grid				svg	2021-09-13	for-web/Data_Grid/166_Data_Grid/166_Data_Grid_Sizing_0521_2.2.5_cross-site.svg	8465
	184_Data_Grid_Configuration_0921_3.1.png	Data_Grid				png	2021-09-27	for-web/Data_Grid/184_Data_Grid/184_Data_Grid_Configuration_0921_3.1.png	54416
	184_Data_Grid_Configuration_0921_3.2.png	Data_Grid				png	2021-09-27	for-web/Data_Grid/184_Data_Grid/184_Data_Grid_Configuration_0921_3.2.png	55124
	184_Data_Grid_Configuration_0921_3.3a.png	Data_Grid				png	2021-09-27	for-web/Data_Grid/184_Data_Grid/184_Data_Grid_Configuration_0921_3.3a.png	54421
	184_Data_Grid_Configuration_0921_3.3b.png	Data_Grid				png	2021-09-27	for-web/Data_Grid/184_Data_Grid/184_Data_Grid_Configuration_0921_3.3b.png	42474
	184_Data_Grid_Configuration_0921_3.4.png	Data_Grid				png	2021-09-27	for-web/Data_Grid/184_Data_Grid/184_Data_Grid_Configuration_0921_3.4.png	51142
	184_Data_Grid_Configuration_0921_5.1.png	Data_Grid				png	2021-09-27	for-web/Data_Grid/184_Data_Grid/184_Data_Grid_Configuration_0921_5.1.png	40234
	184_Data_Grid_Configuration_0921_side-cache.png	Data_Grid				png	2021-09-27	for-web/Data_Grid/184_Data_Grid/184_Data_Grid_Configuration_0921_side-cache.png	106622
	205_Data_Grid_Partition_Recovery_0122_40.1.png	Data_Grid				png	2022-01-18	for-web/Data_Grid/205_Data_Grid/205_Data_Grid_Partition_Recovery_0122_40.1.png	76113
	205_Data_Grid_Partition_Recovery_0122_40.2.png	Data_Grid				png	2022-01-18	for-web/Data_Grid/205_Data_Grid/205_Data_Grid_Partition_Recovery_0122_40.2.png	36254
	213_Data_Grid_Deployment_0122_2.2.1._in-memory.png	Data_Grid				png	2022-01-28	for-web/Data_Grid/213_Data_Grid/213_Data_Grid_Deployment_0122_2.2.1._in-memory.png	54407
	213_Data_Grid_Deployment_0122_2.2.1._in-memory.svg	Data_Grid				svg	2022-11-14	for-web/Data_Grid/213_Data_Grid/213_Data_Grid_Deployment_0122_2.2.1._in-memory.svg	6699
	213_Data_Grid_Deployment_0122_2.2.2._in-line.png	Data_Grid				png	2022-01-28	for-web/Data_Grid/213_Data_Grid/213_Data_Grid_Deployment_0122_2.2.2._in-line.png	69489
	213_Data_Grid_Deployment_0122_2.2.2._in-line.svg	Data_Grid				svg	2022-11-14	for-web/Data_Grid/213_Data_Grid/213_Data_Grid_Deployment_0122_2.2.2._in-line.svg	4792
	FeedHenry_Forms_Lifecycle_355127_0615_JCS_Drag&Drop.png	FeedHenry				png	2022-03-17	for-web/FeedHenry/pre-2019_rebrand_FeedHenry/FeedHenry_Forms_Lifecycle_355127_0615_JCS_Drag&Drop.png	61328
	FeedHenry_Forms_Lifecycle_355127_0615_JCS_Lifecycle-detailed.png	FeedHenry				png	2022-03-17	for-web/FeedHenry/pre-2019_rebrand_FeedHenry/FeedHenry_Forms_Lifecycle_355127_0615_JCS_Lifecycle-detailed.png	90899
	FeedHenry_Forms_Lifecycle_355127_0615_JCS_Lifecycle-sequience.png	FeedHenry				png	2022-03-17	for-web/FeedHenry/pre-2019_rebrand_FeedHenry/FeedHenry_Forms_Lifecycle_355127_0615_JCS_Lifecycle-sequience.png	51967
	FeedHenry_Push_Integration_410718_0118.png	FeedHenry				png	2022-03-17	for-web/FeedHenry/pre-2019_rebrand_FeedHenry/FeedHenry_Push_Integration_410718_0118.png	110120
	OpenShift_Container_Stack_22_0519_1.png	OpenShift				png	2022-03-17	for-web/OpenShift/022_OpenShift/OpenShift_Container_Stack_22_0519_1.png	50557
	OpenShift_Container_Stack_22_0519_2.png	OpenShift				png	2022-03-17	for-web/OpenShift/022_OpenShift/OpenShift_Container_Stack_22_0519_2.png	48883
	OpenShift_Container_Stack_22_0519_3.png	OpenShift				png	2022-03-17	for-web/OpenShift/022_OpenShift/OpenShift_Container_Stack_22_0519_3.png	52255
	OpenShift_Life_Cycle_30_0619_v4.png	OpenShift				png	2022-03-17	for-web/OpenShift/030_OpenShift/OpenShift_Life_Cycle_30_0619_v4.png	40620
	OpenShift_on_OpenStack_31_0619_1.png	OpenShift				png	2022-03-17	for-web/OpenShift/031_OpenShift/OpenShift_on_OpenStack_31_0619_1.png	77100
	OpenShift_on_OpenStack_31_0619_10.png	OpenShift				png	2022-03-17	for-web/OpenShift/031_OpenShift/OpenShift_on_OpenStack_31_0619_10.png	62178
	OpenShift_on_OpenStack_31_0619_11.png	OpenShift				png	2022-03-17	for-web/OpenShift/031_OpenShift/OpenShift_on_OpenStack_31_0619_11.png	43283
	OpenShift_on_OpenStack_31_0619_12.png	OpenShift				png	2022-03-17	for-web/OpenShift/031_OpenShift/OpenShift_on_OpenStack_31_0619_12.png	79797
	OpenShift_on_OpenStack_31_0619_13.png	OpenShift				png	2022-03-17	for-web/OpenShift/031_OpenShift/OpenShift_on_OpenStack_31_0619_13.png	85769
	OpenShift_on_OpenStack_31_0619_14.png	OpenShift				png	2022-03-17	for-web/OpenShift/031_OpenShift/OpenShift_on_OpenStack_31_0619_14.png	72288
	OpenShift_on_OpenStack_31_0619_2.png	OpenShift				png	2022-03-17	for-web/OpenShift/031_OpenShift/OpenShift_on_OpenStack_31_0619_2.png	63510
	OpenShift_on_OpenStack_31_0619_3.png	OpenShift				png	2022-03-17	for-web/OpenShift/031_OpenShift/OpenShift_on_OpenStack_31_0619_3.png	42459
	OpenShift_on_OpenStack_31_0619_4.png	OpenShift				png	2022-03-17	for-web/OpenShift/031_OpenShift/OpenShift_on_OpenStack_31_0619_4.png	41149
	OpenShift_on_OpenStack_31_0619_5.png	OpenShift				png	2022-03-17	for-web/OpenShift/031_OpenShift/OpenShift_on_OpenStack_31_0619_5.png	52897
	OpenShift_on_OpenStack_31_0619_6.png	OpenShift				png	2022-03-17	for-web/OpenShift/031_OpenShift/OpenShift_on_OpenStack_31_0619_6.png	14682
	OpenShift_on_OpenStack_31_0619_7.png	OpenShift				png	2022-03-17	for-web/OpenShift/031_OpenShift/OpenShift_on_OpenStack_31_0619_7.png	78125
	33_Cost_Mngmt_Hybrid_Cloud.png	OpenShift				png	2022-03-17	for-web/OpenShift/033_OpenShift/33_Cost_Mngmt_Hybrid_Cloud.png	143028
	OpenShift_Operator_Lifecycle_43_1019_1.png	OpenShift				png	2022-03-17	for-web/OpenShift/043_OpenShift/OpenShift_Operator_Lifecycle_43_1019_1.png	48632
	OpenShift_Operator_Lifecycle_43_1019_2.png	OpenShift				png	2022-03-17	for-web/OpenShift/043_OpenShift/OpenShift_Operator_Lifecycle_43_1019_2.png	38517
	OpenShift_Operator_Lifecycle_43_1019_3.png	OpenShift				png	2022-03-17	for-web/OpenShift/043_OpenShift/OpenShift_Operator_Lifecycle_43_1019_3.png	47996
	OpenShift_Operator_Lifecycle_43_1019_4.png	OpenShift				png	2022-03-17	for-web/OpenShift/043_OpenShift/OpenShift_Operator_Lifecycle_43_1019_4.png	50308
	OpenShift_Operator_Lifecycle_43_1019_5.png	OpenShift				png	2022-03-17	for-web/OpenShift/043_OpenShift/OpenShift_Operator_Lifecycle_43_1019_5.png	83237
	OpenShift_Operator_Lifecycle_43_1019_6.png	OpenShift				png	2022-03-17	for-web/OpenShift/043_OpenShift/OpenShift_Operator_Lifecycle_43_1019_6.png	87785
	OpenShift_3_to_4_Migration_45_1019_App_migration.png	OpenShift				png	2022-03-17	for-web/OpenShift/045_OpenShift/OpenShift_3_to_4_Migration_45_1019_App_migration.png	96635
	OpenShift_3_to_4_Migration_45_1019_PV_copy.png	OpenShift				png	2022-03-17	for-web/OpenShift/045_OpenShift/OpenShift_3_to_4_Migration_45_1019_PV_copy.png	37907
	OpenShift_3_to_4_Migration_45_1019_PV_swing.png	OpenShift				png	2022-03-17	for-web/OpenShift/045_OpenShift/OpenShift_3_to_4_Migration_45_1019_PV_swing.png	24621
	71_OpenShift_4.5_Baremetal_IPI_Deployment_0920_1.svg	OpenShift				svg	2022-03-17	for-web/OpenShift/071_OpenShift/71_OpenShift_4.5_Baremetal_IPI_Deployment_0920_1.svg	19214
	71_OpenShift_4.5_Baremetal_IPI_Deployment_0920_2.svg	OpenShift				svg	2022-03-17	for-web/OpenShift/071_OpenShift/71_OpenShift_4.5_Baremetal_IPI_Deployment_0920_2.svg	18721
	71_OpenShift_4.5_Baremetal_IPI_Deployment_1020_1.svg	OpenShift				svg	2022-03-17	for-web/OpenShift/071_OpenShift/71_OpenShift_4.5_Baremetal_IPI_Deployment_1020_1.svg	19221
	71_OpenShift_4.5_Baremetal_IPI_Deployment_1020_2.svg	OpenShift				svg	2022-03-17	for-web/OpenShift/071_OpenShift/71_OpenShift_4.5_Baremetal_IPI_Deployment_1020_2.svg	18728
	71_OpenShift_4.6_Baremetal_IPI_Deployment_1020_1.png	OpenShift				png	2022-03-17	for-web/OpenShift/071_OpenShift/71_OpenShift_4.6_Baremetal_IPI_Deployment_1020_1.png	49431
	71_OpenShift_4.6_Baremetal_IPI_Deployment_1020_1.svg	OpenShift				svg	2022-03-17	for-web/OpenShift/071_OpenShift/71_OpenShift_4.6_Baremetal_IPI_Deployment_1020_1.svg	19232
	71_OpenShift_4.6_Baremetal_IPI_Deployment_1020_2.svg	OpenShift				svg	2022-03-17	for-web/OpenShift/071_OpenShift/71_OpenShift_4.6_Baremetal_IPI_Deployment_1020_2.svg	18739
	71_OpenShift_Baremetal_IPI_Depoyment_0820-1.png	OpenShift				png	2022-03-17	for-web/OpenShift/071_OpenShift/71_OpenShift_Baremetal_IPI_Depoyment_0820-1.png	94889
	71_OpenShift_Baremetal_IPI_Depoyment_0820-2.png	OpenShift				png	2022-03-17	for-web/OpenShift/071_OpenShift/71_OpenShift_Baremetal_IPI_Depoyment_0820-2.png	94288
	72_OpenShift_on_OpenStack_0520_1.png	OpenShift				png	2022-03-17	for-web/OpenShift/072_OpenShift/72_OpenShift_on_OpenStack_0520_1.png	139281
	72_OpenShift_on_OpenStack_0520_2.png	OpenShift				png	2022-03-17	for-web/OpenShift/072_OpenShift/72_OpenShift_on_OpenStack_0520_2.png	41990
	72_OpenShift_on_OpenStack_0520_3.png	OpenShift				png	2022-03-17	for-web/OpenShift/072_OpenShift/72_OpenShift_on_OpenStack_0520_3.png	152775
	72_OpenShift_on_OpenStack_0520_4.png	OpenShift				png	2022-03-17	for-web/OpenShift/072_OpenShift/72_OpenShift_on_OpenStack_0520_4.png	79017
	75_OpenShift_Ingress_Operator_0520-custom_4.3-4.4.png	OpenShift				png	2022-03-17	for-web/OpenShift/075_OpenShift/75_OpenShift_Ingress_Operator_0520-custom_4.3-4.4.png	214457
	75_OpenShift_Ingress_Operator_0520-custom_4.5.png	OpenShift				png	2022-03-17	for-web/OpenShift/075_OpenShift/75_OpenShift_Ingress_Operator_0520-custom_4.5.png	213574
	75_OpenShift_Ingress_Operator_0520-default_4.3.png	OpenShift				png	2022-03-17	for-web/OpenShift/075_OpenShift/75_OpenShift_Ingress_Operator_0520-default_4.3.png	150675
	75_OpenShift_Ingress_Operator_0520-default_4.4.png	OpenShift				png	2022-03-17	for-web/OpenShift/075_OpenShift/75_OpenShift_Ingress_Operator_0520-default_4.4.png	153188
	75_OpenShift_Ingress_Operator_0520-default_4.5.png	OpenShift				png	2022-03-17	for-web/OpenShift/075_OpenShift/75_OpenShift_Ingress_Operator_0520-default_4.5.png	142618
	custom_4.3-4.4.svg	OpenShift				svg	2022-03-17	for-web/OpenShift/075_OpenShift/custom_4.3-4.4.svg	38756
	custom_4.5.svg	OpenShift				svg	2022-03-17	for-web/OpenShift/075_OpenShift/custom_4.5.svg	38775
	default_4.3.svg	OpenShift				svg	2022-03-17	for-web/OpenShift/075_OpenShift/default_4.3.svg	30269
	default_4.4.svg	OpenShift				svg	2022-03-17	for-web/OpenShift/075_OpenShift/default_4.4.svg	30460
	default_4.5.svg	OpenShift				svg	2022-03-17	for-web/OpenShift/075_OpenShift/default_4.5.svg	29690
	custom.svg	OpenShift				svg	2022-03-17	for-web/OpenShift/076_OpenShift/custom.svg	30380
	79_OpenShift_IPv6_0420-1.png	OpenShift				png	2022-03-17	for-web/OpenShift/079_OpenShift/79_OpenShift_IPv6_0420-1.png	105621
	79_OpenShift_IPv6_0420-2.png	OpenShift				png	2022-03-17	for-web/OpenShift/079_OpenShift/79_OpenShift_IPv6_0420-2.png	105793
	82_OpenShift_Baremetal_Deploy_Troubleshooting_0420_1.png	OpenShift				png	2022-03-17	for-web/OpenShift/082_OpenShift/82_OpenShift_Baremetal_Deploy_Troubleshooting_0420_1.png	67728
	82_OpenShift_Baremetal_Deploy_Troubleshooting_0420_2.png	OpenShift				png	2022-03-17	for-web/OpenShift/082_OpenShift/82_OpenShift_Baremetal_Deploy_Troubleshooting_0420_2.png	162321
	82_OpenShift_Baremetal_Deploy_Troubleshooting_0420_3.png	OpenShift				png	2022-03-17	for-web/OpenShift/082_OpenShift/82_OpenShift_Baremetal_Deploy_Troubleshooting_0420_3.png	105960
	82_OpenShift_Baremetal_Deploy_Troubleshooting_0420_4.png	OpenShift				png	2022-03-17	for-web/OpenShift/082_OpenShift/82_OpenShift_Baremetal_Deploy_Troubleshooting_0420_4.png	134645
	85_OpenShift_4.4_Cost_Mngmt_0420.png	OpenShift				png	2022-03-17	for-web/OpenShift/085_OpenShift/85_OpenShift_4.4_Cost_Mngmt_0420.png	167084
	87_OpenShift_Life_Cycle_0420_v3.png	OpenShift				png	2022-03-17	for-web/OpenShift/087_OpenShift/87_OpenShift_Life_Cycle_0420_v3.png	32700
	91_OpenShift_Admission_Webhook_0520.png	OpenShift				png	2022-03-17	for-web/OpenShift/091_OpenShift/91_OpenShift_Admission_Webhook_0520.png	40815
	92_OpenShift_Cluster_Install_RHV_0520.png	OpenShift				png	2022-03-17	for-web/OpenShift/092_OpenShift/92_OpenShift_Cluster_Install_RHV_0520.png	93735
	102_OpenShift_3_to_4_Migration_0720_MIG_Arch.png	OpenShift				png	2022-03-17	for-web/OpenShift/102_OpenShift/102_OpenShift_3_to_4_Migration_0720_MIG_Arch.png	129823
	107_OpenShift_containter_security_0720-build_process1.png	OpenShift				png	2022-03-17	for-web/OpenShift/107_OpenShift/107_OpenShift_containter_security_0720-build_process1.png	74790
	107_OpenShift_containter_security_0720-build_process1.svg	OpenShift				svg	2021-09-13	for-web/OpenShift/107_OpenShift/107_OpenShift_containter_security_0720-build_process1.svg	5902
	107_OpenShift_containter_security_0720-build_process2.png	OpenShift				png	2022-03-17	for-web/OpenShift/107_OpenShift/107_OpenShift_containter_security_0720-build_process2.png	55587
	107_OpenShift_containter_security_0720-build_process2.svg	OpenShift				svg	2021-09-13	for-web/OpenShift/107_OpenShift/107_OpenShift_containter_security_0720-build_process2.svg	4655
	107_OpenShift_containter_security_0720-factory.png	OpenShift				png	2022-03-17	for-web/OpenShift/107_OpenShift/107_OpenShift_containter_security_0720-factory.png	75217
	107_OpenShift_containter_security_0720-factory.svg	OpenShift				svg	2021-09-13	for-web/OpenShift/107_OpenShift/107_OpenShift_containter_security_0720-factory.svg	9862
	113_OpenShift_Knative_Eventing_0920_1.png	OpenShift				png	2022-03-17	for-web/OpenShift/113_OpenShift/113_OpenShift_Knative_Eventing_0920_1.png	49069
	113_OpenShift_Knative_Eventing_0920_1.svg	OpenShift				svg	2021-09-13	for-web/OpenShift/113_OpenShift/113_OpenShift_Knative_Eventing_0920_1.svg	6571
	113_OpenShift_Knative_Eventing_0920_2.png	OpenShift				png	2022-03-17	for-web/OpenShift/113_OpenShift/113_OpenShift_Knative_Eventing_0920_2.png	43252
	113_OpenShift_Knative_Eventing_0920_2.svg	OpenShift				svg	2021-09-13	for-web/OpenShift/113_OpenShift/113_OpenShift_Knative_Eventing_0920_2.svg	6217
	118_OpenShift_Monitoring_Overview_0920.png	OpenShift				png	2022-03-17	for-web/OpenShift/118_OpenShift/118_OpenShift_Monitoring_Overview_0920.png	63502
	118_OpenShift_Monitoring_Overview_0920.svg	OpenShift				svg	2021-09-13	for-web/OpenShift/118_OpenShift/118_OpenShift_Monitoring_Overview_0920.svg	35210
	121_OpenShift_engress_IP_Topology_1020.png	OpenShift				png	2022-03-17	for-web/OpenShift/121_OpenShift/121_OpenShift_engress_IP_Topology_1020.png	51171
	121_OpenShift_engress_IP_Topology_1020.svg	OpenShift				svg	2021-09-13	for-web/OpenShift/121_OpenShift/121_OpenShift_engress_IP_Topology_1020.svg	7718
	131_OpenShift_API_Management_Service_arch_1220.png	OpenShift				png	2022-03-17	for-web/OpenShift/131_OpenShift/131_OpenShift_API_Management_Service_arch_1220.png	70068
	131_OpenShift_API_Management_Service_arch_1220.svg	OpenShift				svg	2021-09-13	for-web/OpenShift/131_OpenShift/131_OpenShift_API_Management_Service_arch_1220.svg	36882
	132_OpenShift_Insights_Operator_Telemetry_0121.png	OpenShift				png	2022-03-17	for-web/OpenShift/132_OpenShift/132_OpenShift_Insights_Operator_Telemetry_0121.png	40732
	132_OpenShift_Insights_Operator_Telemetry_0121.svg	OpenShift				svg	2021-09-13	for-web/OpenShift/132_OpenShift/132_OpenShift_Insights_Operator_Telemetry_0121.svg	23546
	135_OpenShift_Distributed_Unit_0121.png	OpenShift				png	2022-03-17	for-web/OpenShift/135_OpenShift/135_OpenShift_Distributed_Unit_0121.png	17958
	135_OpenShift_Distributed_Unit_0121.svg	OpenShift				svg	2021-09-13	for-web/OpenShift/135_OpenShift/135_OpenShift_Distributed_Unit_0121.svg	2768
	136_OpenShift_Migration_Toolkit_0121-mtv-workflow.svg	OpenShift				svg	2021-09-13	for-web/OpenShift/136_OpenShift/136_OpenShift_Migration_Toolkit_0121-mtv-workflow.svg	8222
	136_OpenShift_Migration_Toolkit_0121-virt-worklfow.png	OpenShift				png	2022-03-17	for-web/OpenShift/136_OpenShift/136_OpenShift_Migration_Toolkit_0121-virt-worklfow.png	79049
	136_OpenShift_Migration_Toolkit_0121_mtv-workflow.png	OpenShift				png	2022-03-17	for-web/OpenShift/136_OpenShift/136_OpenShift_Migration_Toolkit_0121_mtv-workflow.png	33142
	136_OpenShift_Migration_Toolkit_0121_virt-workflow.svg	OpenShift				svg	2021-09-13	for-web/OpenShift/136_OpenShift/136_OpenShift_Migration_Toolkit_0121_virt-workflow.svg	15199
	136_Upstream_Migration_Toolkit_0121_mtv-workflow.svg	OpenShift				svg	2021-09-13	for-web/OpenShift/136_OpenShift/136_Upstream_Migration_Toolkit_0121_mtv-workflow.svg	8243
	136_Upstream_Migration_Toolkit_0121_virt-worklfow.svg	OpenShift				svg	2021-09-13	for-web/OpenShift/136_OpenShift/136_Upstream_Migration_Toolkit_0121_virt-worklfow.svg	15209
	138_OpenShift_IPsec_encryption_0421.png	OpenShift				png	2022-03-17	for-web/OpenShift/138_OpenShift/138_OpenShift_IPsec_encryption_0421.png	63251
	142_OpenShift_credentials_STS_0221.png	OpenShift				png	2022-03-17	for-web/OpenShift/142_OpenShift/142_OpenShift_credentials_STS_0221.png	43800
	142_OpenShift_credentials_STS_0221.svg	OpenShift				svg	2021-09-13	for-web/OpenShift/142_OpenShift/142_OpenShift_credentials_STS_0221.svg	7318
	150_OpenShift_VMware_on_AWS_0321_arch.png	OpenShift				png	2021-09-16	for-web/OpenShift/150_OpenShift/150_OpenShift_VMware_on_AWS_0321_arch.png	40877
	150_OpenShift_VMware_on_AWS_0321_arch.svg	OpenShift				svg	2021-09-13	for-web/OpenShift/150_OpenShift/150_OpenShift_VMware_on_AWS_0321_arch.svg	9248
	150_OpenShift_VMware_on_AWS_0921_installconfig.png	OpenShift				png	2021-09-16	for-web/OpenShift/150_OpenShift/150_OpenShift_VMware_on_AWS_0921_installconfig.png	117379
	150_OpenShift_VMware_on_AWS_0921_installconfig.svg	OpenShift				svg	2021-09-16	for-web/OpenShift/150_OpenShift/150_OpenShift_VMware_on_AWS_0921_installconfig.svg	9384
	150_OpenShift_VMware_on_AWS_0921_installer.png	OpenShift				png	2021-09-16	for-web/OpenShift/150_OpenShift/150_OpenShift_VMware_on_AWS_0921_installer.png	60598
	150_OpenShift_VMware_on_AWS_0921_installer.svg	OpenShift				svg	2021-09-16	for-web/OpenShift/150_OpenShift/150_OpenShift_VMware_on_AWS_0921_installer.svg	7054
	150_OpenShift_VMware_on_AWS_1021_installer_FCOS.png	OpenShift				png	2021-10-20	for-web/OpenShift/150_OpenShift/150_OpenShift_VMware_on_AWS_1021_installer_FCOS.png	59596
	150_OpenShift_VMware_on_AWS_1021_installer_FCOS.svg	OpenShift				svg	2021-10-20	for-web/OpenShift/150_OpenShift/150_OpenShift_VMware_on_AWS_1021_installer_FCOS.svg	7052
	151_OpenShift_on_OpenStack_Ref_Arch_0421_fig1.png	OpenShift				png	2022-03-17	for-web/OpenShift/151_OpenShift/151_OpenShift_on_OpenStack_Ref_Arch_0421_fig1.png	182800
	151_OpenShift_on_OpenStack_Ref_Arch_0421_fig1.svg	OpenShift				svg	2021-09-13	for-web/OpenShift/151_OpenShift/151_OpenShift_on_OpenStack_Ref_Arch_0421_fig1.svg	20842
	151_OpenShift_on_OpenStack_Ref_Arch_0421_fig2.png	OpenShift				png	2022-03-17	for-web/OpenShift/151_OpenShift/151_OpenShift_on_OpenStack_Ref_Arch_0421_fig2.png	151979
	151_OpenShift_on_OpenStack_Ref_Arch_0421_fig2.svg	OpenShift				svg	2021-09-13	for-web/OpenShift/151_OpenShift/151_OpenShift_on_OpenStack_Ref_Arch_0421_fig2.svg	9580
	151_OpenShift_on_OpenStack_Ref_Arch_0421_fig3.png	OpenShift				png	2022-03-17	for-web/OpenShift/151_OpenShift/151_OpenShift_on_OpenStack_Ref_Arch_0421_fig3.png	43027
	151_OpenShift_on_OpenStack_Ref_Arch_0421_fig3.svg	OpenShift				svg	2021-09-13	for-web/OpenShift/151_OpenShift/151_OpenShift_on_OpenStack_Ref_Arch_0421_fig3.svg	3982
	151_OpenShift_on_OpenStack_Ref_Arch_0421_fig5.png	OpenShift				png	2022-03-17	for-web/OpenShift/151_OpenShift/151_OpenShift_on_OpenStack_Ref_Arch_0421_fig5.png	79156
	151_OpenShift_on_OpenStack_Ref_Arch_0421_fig5.svg	OpenShift				svg	2021-09-13	for-web/OpenShift/151_OpenShift/151_OpenShift_on_OpenStack_Ref_Arch_0421_fig5.svg	6366
	151_OpenShift_on_OpenStack_Ref_Arch_0421_fig7.png	OpenShift				png	2022-03-17	for-web/OpenShift/151_OpenShift/151_OpenShift_on_OpenStack_Ref_Arch_0421_fig7.png	67952
	151_OpenShift_on_OpenStack_Ref_Arch_0421_fig7.svg	OpenShift				svg	2021-09-13	for-web/OpenShift/151_OpenShift/151_OpenShift_on_OpenStack_Ref_Arch_0421_fig7.svg	4004
	152_OpenShift_Config_NTP_0421.png	OpenShift				png	2022-03-17	for-web/OpenShift/152_OpenShift/152_OpenShift_Config_NTP_0421.png	26523
	152_OpenShift_Config_NTP_0421.svg	OpenShift				svg	2021-09-13	for-web/OpenShift/152_OpenShift/152_OpenShift_Config_NTP_0421.svg	6892
	156_OpenShift_ROSA_Arch_0621_arch.svg	OpenShift				svg	2021-09-13	for-web/OpenShift/156_OpenShift/156_OpenShift_ROSA_Arch_0621_arch.svg	15910
	156_OpenShift_ROSA_Arch_0621_privatelink.png	OpenShift				png	2022-03-17	for-web/OpenShift/156_OpenShift/156_OpenShift_ROSA_Arch_0621_privatelink.png	108206
	156_OpenShift_ROSA_Arch_1221_privatelink.png	OpenShift				png	2021-12-21	for-web/OpenShift/156_OpenShift/156_OpenShift_ROSA_Arch_1221_privatelink.png	99491
	156_OpenShift_ROSA_Arch_1221_privatelink.svg	OpenShift				svg	2021-12-21	for-web/OpenShift/156_OpenShift/156_OpenShift_ROSA_Arch_1221_privatelink.svg	11997
	160_OpenShift_Streams_Apache_Kafka_0421_brokers_topics.png	OpenShift				png	2022-03-17	for-web/OpenShift/160_OpenShift/160_OpenShift_Streams_Apache_Kafka_0421_brokers_topics.png	37455
	160_OpenShift_Streams_Apache_Kafka_0421_brokers_topics.svg	OpenShift				svg	2021-09-13	for-web/OpenShift/160_OpenShift/160_OpenShift_Streams_Apache_Kafka_0421_brokers_topics.svg	15971
	160_OpenShift_Streams_Apache_Kafka_0421_lag.png	OpenShift				png	2022-03-17	for-web/OpenShift/160_OpenShift/160_OpenShift_Streams_Apache_Kafka_0421_lag.png	14720
	160_OpenShift_Streams_Apache_Kafka_0421_lag.svg	OpenShift				svg	2021-09-13	for-web/OpenShift/160_OpenShift/160_OpenShift_Streams_Apache_Kafka_0421_lag.svg	4193
	160_OpenShift_Streams_Apache_Kafka_0421_producer_consumer.png	OpenShift				png	2022-03-17	for-web/OpenShift/160_OpenShift/160_OpenShift_Streams_Apache_Kafka_0421_producer_consumer.png	27511
	160_OpenShift_Streams_Apache_Kafka_0421_producer_consumer.svg	OpenShift				svg	2021-09-13	for-web/OpenShift/160_OpenShift/160_OpenShift_Streams_Apache_Kafka_0421_producer_consumer.svg	7644
	160_OpenShift_Streams_Apache_Kafka_0421_producer_consumer_data.svg	OpenShift				svg	2021-09-13	for-web/OpenShift/160_OpenShift/160_OpenShift_Streams_Apache_Kafka_0421_producer_consumer_data.svg	3687
	160_OpenShift_Streams_Apache_Kafka_0421_streams.png	OpenShift				png	2022-03-17	for-web/OpenShift/160_OpenShift/160_OpenShift_Streams_Apache_Kafka_0421_streams.png	28153
	160_OpenShift_Streams_Apache_Kafka_0421_streams.svg	OpenShift				svg	2021-09-13	for-web/OpenShift/160_OpenShift/160_OpenShift_Streams_Apache_Kafka_0421_streams.svg	6063
	161_OpenShift_Baremetal_IPI_Deployment_updates_0521.png	OpenShift				png	2022-03-17	for-web/OpenShift/161_OpenShift/161_OpenShift_Baremetal_IPI_Deployment_updates_0521.png	97287
	161_OpenShift_Baremetal_IPI_Deployment_updates_0521.svg	OpenShift				svg	2021-09-13	for-web/OpenShift/161_OpenShift/161_OpenShift_Baremetal_IPI_Deployment_updates_0521.svg	18597
	165_OpenShift_Cloud_Native_0721_SM_detailed.svg	OpenShift				svg	2021-09-13	for-web/OpenShift/165_OpenShift/165_OpenShift_Cloud_Native_0721_SM_detailed.svg	11425
	165_OpenShift_Cloud_Native_0721_SM_high-level.svg	OpenShift				svg	2021-09-13	for-web/OpenShift/165_OpenShift/165_OpenShift_Cloud_Native_0721_SM_high-level.svg	7645
	165_OpenShift_Cloud_Native_0721_network.svg	OpenShift				svg	2021-09-13	for-web/OpenShift/165_OpenShift/165_OpenShift_Cloud_Native_0721_network.svg	22101
	170_OpenShift_installing_on_OpenStack_0621.png	OpenShift				png	2022-03-17	for-web/OpenShift/170_OpenShift/170_OpenShift_installing_on_OpenStack_0621.png	112991
	171_OpenShift_Container_Storage_1221_arch.png	OpenShift				png	2021-12-01	for-web/OpenShift/171_OpenShift/171_OpenShift_Container_Storage_1221_arch.png	130064
	171_OpenShift_Container_Storage_1221_operator.png	OpenShift				png	2021-12-01	for-web/OpenShift/171_OpenShift/171_OpenShift_Container_Storage_1221_operator.png	77535
	171_OpenShift_Container_Storage_1221_rook-arch.png	OpenShift				png	2021-12-01	for-web/OpenShift/171_OpenShift/171_OpenShift_Container_Storage_1221_rook-arch.png	61035
	171_OpenShift_Container_Storage_1221_rook-kub.png	OpenShift				png	2021-12-01	for-web/OpenShift/171_OpenShift/171_OpenShift_Container_Storage_1221_rook-kub.png	117459
	175_OpenShift_ACM_0821_1.png	OpenShift				png	2021-09-13	for-web/OpenShift/175_176_177_OpenShift/175_OpenShift_ACM_0821_1.png	60778
	175_OpenShift_ACM_0821_2.png	OpenShift				png	2021-09-13	for-web/OpenShift/175_176_177_OpenShift/175_OpenShift_ACM_0821_2.png	88520
	176_OpenShift_zero_touch_provisioning_0821.png	OpenShift				png	2021-09-13	for-web/OpenShift/175_176_177_OpenShift/176_OpenShift_zero_touch_provisioning_0821.png	51108
	177_OpenShift_cluster_provisioning_0821.png	OpenShift				png	2021-09-13	for-web/OpenShift/175_176_177_OpenShift/177_OpenShift_cluster_provisioning_0821.png	106062
	179_OpenShift_NBDE_implementation_0821_1.png	OpenShift				png	2021-09-13	for-web/OpenShift/179_OpenShift/179_OpenShift_NBDE_implementation_0821_1.png	69106
	179_OpenShift_NBDE_implementation_0821_2.png	OpenShift				png	2021-09-13	for-web/OpenShift/179_OpenShift/179_OpenShift_NBDE_implementation_0821_2.png	77114
	179_OpenShift_NBDE_implementation_0821_3.png	OpenShift				png	2021-09-13	for-web/OpenShift/179_OpenShift/179_OpenShift_NBDE_implementation_0821_3.png	49028
	179_OpenShift_NBDE_implementation_0821_4.png	OpenShift				png	2021-09-13	for-web/OpenShift/179_OpenShift/179_OpenShift_NBDE_implementation_0821_4.png	41956
	180_OpenShift_MetalLB_0921.png	OpenShift				png	2021-09-13	for-web/OpenShift/180_OpenShift/180_OpenShift_MetalLB_0921.png	107304
	181_OpenShift_Container_Storage_metro_0821.png	OpenShift				png	2021-09-13	for-web/OpenShift/181_OpenShift/181_OpenShift_Container_Storage_metro_0821.png	72352
	182_OpenShift_Service_Mesh_0921_arch.png	OpenShift				png	2021-09-27	for-web/OpenShift/182_OpenShift/182_OpenShift_Service_Mesh_0921_arch.png	47362
	182_OpenShift_Service_Mesh_0921_base.png	OpenShift				png	2021-09-27	for-web/OpenShift/182_OpenShift/182_OpenShift_Service_Mesh_0921_base.png	35126
	182_OpenShift_Service_Mesh_0921_exported.png	OpenShift				png	2021-09-27	for-web/OpenShift/182_OpenShift/182_OpenShift_Service_Mesh_0921_exported.png	41235
	182_OpenShift_Service_Mesh_0921_imported.png	OpenShift				png	2021-09-27	for-web/OpenShift/182_OpenShift/182_OpenShift_Service_Mesh_0921_imported.png	55133
	182_OpenShift_Service_Mesh_0921_service-mesh.png	OpenShift				png	2021-09-27	for-web/OpenShift/182_OpenShift/182_OpenShift_Service_Mesh_0921_service-mesh.png	42195
	183_OpenShift_ZTP_0921.png	OpenShift				png	2021-09-13	for-web/OpenShift/183_OpenShift/183_OpenShift_ZTP_0921.png	91606
	187_OpenShift_Knative_Service_1221.png	OpenShift				png	2021-12-17	for-web/OpenShift/187_OpenShift/187_OpenShift_Knative_Service_1221.png	47913
	189_OpenShift_planning_deployment_0921_double.png	OpenShift				png	2021-09-29	for-web/OpenShift/189_OpenShift/189_OpenShift_planning_deployment_0921_double.png	38221
	189_OpenShift_planning_deployment_0921_triple.png	OpenShift				png	2021-09-29	for-web/OpenShift/189_OpenShift/189_OpenShift_planning_deployment_0921_triple.png	44249
	189_OpenShift_planning_deployment_1221_arch.png	OpenShift				png	2021-12-02	for-web/OpenShift/189_OpenShift/189_OpenShift_planning_deployment_1221_arch.png	130064
	190_OpenShift_Azuer_network_arch_0921.png	OpenShift				png	2021-09-29	for-web/OpenShift/190_OpenShift/190_OpenShift_Azuer_network_arch_0921.png	129906
	190_OpenShift_Azuer_network_arch_0921.svg	OpenShift				svg	2021-09-29	for-web/OpenShift/190_OpenShift/190_OpenShift_Azuer_network_arch_0921.svg	17966
	193_OpenShift_Cluster_Install_updates_1021_oVirt.png	OpenShift				png	2021-10-20	for-web/OpenShift/193_OpenShift/193_OpenShift_Cluster_Install_updates_1021_oVirt.png	86016
	193_OpenShift_Cluster_Install_updates_1021_oVirt.svg	OpenShift				svg	2021-10-20	for-web/OpenShift/193_OpenShift/193_OpenShift_Cluster_Install_updates_1021_oVirt.svg	8287
	194_OpenShift_APIcast_NGINX_0122_ 1.png	OpenShift				png	2022-01-27	for-web/OpenShift/194_OpenShift/194_OpenShift_APIcast_NGINX_0122_ 1.png	106340
	194_OpenShift_APIcast_NGINX_0122_2.png	OpenShift				png	2022-01-27	for-web/OpenShift/194_OpenShift/194_OpenShift_APIcast_NGINX_0122_2.png	101438
	197_OpenShift_doc_workflow_1121.png	OpenShift				png	2021-11-04	for-web/OpenShift/197_OpenShift/197_OpenShift_doc_workflow_1121.png	163415
	200_OpenShift_Octavia_Load_Balancer_Ingress_Blog_1121_1.png	OpenShift				png	2021-11-29	for-web/OpenShift/200_OpenShift/200_OpenShift_Octavia_Load_Balancer_Ingress_Blog_1121_1.png	44963
	200_OpenShift_Octavia_Load_Balancer_Ingress_Blog_1121_1.svg	OpenShift				svg	2021-11-29	for-web/OpenShift/200_OpenShift/200_OpenShift_Octavia_Load_Balancer_Ingress_Blog_1121_1.svg	6245
	200_OpenShift_Octavia_Load_Balancer_Ingress_Blog_1121_2.png	OpenShift				png	2021-11-29	for-web/OpenShift/200_OpenShift/200_OpenShift_Octavia_Load_Balancer_Ingress_Blog_1121_2.png	55771
	200_OpenShift_Octavia_Load_Balancer_Ingress_Blog_1121_2.svg	OpenShift				svg	2021-11-29	for-web/OpenShift/200_OpenShift/200_OpenShift_Octavia_Load_Balancer_Ingress_Blog_1121_2.svg	7738
	202_OpenShift_Ingress_0222_load_balancer.png	OpenShift				png	2022-02-08	for-web/OpenShift/202_OpenShift/202_OpenShift_Ingress_0222_load_balancer.png	91631
	202_OpenShift_Ingress_0222_node_port.png	OpenShift				png	2022-02-08	for-web/OpenShift/202_OpenShift/202_OpenShift_Ingress_0222_node_port.png	72047
	204_OpenShift_VPC_0122.png	OpenShift				png	2022-01-14	for-web/OpenShift/204_OpenShift/204_OpenShift_VPC_0122.png	60843
	209_OpenShift_BGP_0122.png	OpenShift				png	2022-01-31	for-web/OpenShift/209_OpenShift/209_OpenShift_BGP_0122.png	114020
	210_OpenShift_Baremetal_IPI_Deployment_updates_0822_1.png	OpenShift				png	2022-08-18	for-web/OpenShift/210_OpenShift/210_OpenShift_Baremetal_IPI_Deployment_updates_0822_1.png	87846
	210_OpenShift_Baremetal_IPI_Deployment_updates_0822_2.png	OpenShift				png	2022-08-18	for-web/OpenShift/210_OpenShift/210_OpenShift_Baremetal_IPI_Deployment_updates_0822_2.png	95297
	211_OpenShift_Redfish_dataflow_0822.png	OpenShift				png	2022-08-25	for-web/OpenShift/211_OpenShift/211_OpenShift_Redfish_dataflow_0822.png	78271
	216_OpenShift_Topology-aware_Scheduling_0222.png	OpenShift				png	2022-02-23	for-web/OpenShift/216_OpenShift/216_OpenShift_Topology-aware_Scheduling_0222.png	89856
	217_OpenShift_Zero_Touch_Provisioning_updates_1022_1.png	OpenShift				png	2022-10-18	for-web/OpenShift/217_OpenShift/217_OpenShift_Zero_Touch_Provisioning_updates_1022_1.png	77746
	217_OpenShift_Zero_Touch_Provisioning_updates_1022_2.png	OpenShift				png	2022-10-18	for-web/OpenShift/217_OpenShift/217_OpenShift_Zero_Touch_Provisioning_updates_1022_2.png	125081
	217_OpenShift_Zero_Touch_Provisioning_updates_1022_3.png	OpenShift				png	2022-10-18	for-web/OpenShift/217_OpenShift/217_OpenShift_Zero_Touch_Provisioning_updates_1022_3.png	78600
	218_OpenShift_PTP_events_0222.png	OpenShift				png	2022-02-07	for-web/OpenShift/218_OpenShift/218_OpenShift_PTP_events_0222.png	87214
	220_OpenShift_Virt_CNV_0722_1-managed.png	OpenShift				png	2022-07-13	for-web/OpenShift/220_OpenShift/220_OpenShift_Virt_CNV_0722_1-managed.png	70743
	220_OpenShift_Virt_CNV_0722_4-managed.png	OpenShift				png	2022-07-13	for-web/OpenShift/220_OpenShift/220_OpenShift_Virt_CNV_0722_4-managed.png	42013
	220_OpenShift_Virt_CNV_0722_5-managed.png	OpenShift				png	2022-07-13	for-web/OpenShift/220_OpenShift/220_OpenShift_Virt_CNV_0722_5-managed.png	64308
	220_OpenShift_Virt_CNV_0722_6-managed.png	OpenShift				png	2022-07-13	for-web/OpenShift/220_OpenShift/220_OpenShift_Virt_CNV_0722_6-managed.png	75635
	220_OpenShift_Virt_CNV_0722_7-managed.png	OpenShift				png	2022-07-13	for-web/OpenShift/220_OpenShift/220_OpenShift_Virt_CNV_0722_7-managed.png	22440
	220_OpenShift_Virt_CNV_0722_9-managed.png	OpenShift				png	2022-07-13	for-web/OpenShift/220_OpenShift/220_OpenShift_Virt_CNV_0722_9-managed.png	32420
	220_OpenShift_Virt_CNV_0722_main-managed.png	OpenShift				png	2022-07-13	for-web/OpenShift/220_OpenShift/220_OpenShift_Virt_CNV_0722_main-managed.png	101676
	220_OpenShift_Virt_CNV_1122_8-managed.png	OpenShift				png	2022-11-14	for-web/OpenShift/220_OpenShift/220_OpenShift_Virt_CNV_1122_8-managed.png	97193
	223_OpenShift_Horizontal_Pod_Autoscaler_0222.png	OpenShift				png	2022-02-15	for-web/OpenShift/223_OpenShift/223_OpenShift_Horizontal_Pod_Autoscaler_0222.png	37201
	225_OpenShift_Installing_Clusters_0422_network.png	OpenShift				png	2022-04-26	for-web/OpenShift/225_OpenShift/225_OpenShift_Installing_Clusters_0422_network.png	126371
	225_OpenShift_Installing_Clusters_0422_pipeline.png	OpenShift				png	2022-04-27	for-web/OpenShift/225_OpenShift/225_OpenShift_Installing_Clusters_0422_pipeline.png	96359
	226_OpenShift_Data_Process_Unit_0322_1.png	OpenShift				png	2022-03-15	for-web/OpenShift/226_OpenShift/226_OpenShift_Data_Process_Unit_0322_1.png	219370
	226_OpenShift_Data_Process_Unit_0322_2.png	OpenShift				png	2022-03-15	for-web/OpenShift/226_OpenShift/226_OpenShift_Data_Process_Unit_0322_2.png	165641
	232_OpenShift_DFM_service_0422.png	OpenShift				png	2022-04-08	for-web/OpenShift/232_OpenShift/232_OpenShift_DFM_service_0422.png	100817
	246_OpenShift_CSI_Architecture_0522.png	OpenShift				png	2022-05-02	for-web/OpenShift/246_OpenShift/246_OpenShift_CSI_Architecture_0522.png	92881
	247_OpenShift_Kubernetes_Overview_0622_1.png	OpenShift				png	2022-06-03	for-web/OpenShift/247_OpenShift/247_OpenShift_Kubernetes_Overview_0622_1.png	102437
	247_OpenShift_Kubernetes_Overview_0622_2.png	OpenShift				png	2022-06-03	for-web/OpenShift/247_OpenShift/247_OpenShift_Kubernetes_Overview_0622_2.png	67677
	247_OpenShift_Kubernetes_Overview_0622_3.png	OpenShift				png	2022-06-03	for-web/OpenShift/247_OpenShift/247_OpenShift_Kubernetes_Overview_0622_3.png	46706
	260_OpenShift_Stack_0922.png	OpenShift				png	2022-09-20	for-web/OpenShift/260_OpenShift/260_OpenShift_Stack_0922.png	205103
	261_OpenShift_DPDK_0722.png	OpenShift				png	2022-07-13	for-web/OpenShift/261_OpenShift/261_OpenShift_DPDK_0722.png	60124
	264_OpenShift_CNI_plugin_chain_0722.png	OpenShift				png	2022-07-01	for-web/OpenShift/264_OpenShift/264_OpenShift_CNI_plugin_chain_0722.png	44555
	267_OpenShift_on_AWS_Access_Networking_1222.png	OpenShift				png	2022-12-07	for-web/OpenShift/267_OpenShift/267_OpenShift_on_AWS_Access_Networking_1222.png	77526
	272_OpenShift_Control_plane_architecture_0722.png	OpenShift				png	2022-07-21	for-web/OpenShift/272_OpenShift/272_OpenShift_Control_plane_architecture_0722.png	133100
	272_OpenShift_Control_plane_architecture_1122.png	OpenShift				png	2022-12-01	for-web/OpenShift/272_OpenShift/272_OpenShift_Control_plane_architecture_1122.png	131558
	274_OpenShift_Service_Mesh_0722_arch.png	OpenShift				png	2022-07-25	for-web/OpenShift/274_OpenShift/274_OpenShift_Service_Mesh_0722_arch.png	46861
	276_OpenShift_Quarkus_swimlane_0822.png	OpenShift				png	2022-08-19	for-web/OpenShift/276_OpenShift_Quarkus/276_OpenShift_Quarkus_swimlane_0822.png	162666
	276_OpenShift_Quarkus_swimlane_0822_nowhite.png	OpenShift				png	2022-08-22	for-web/OpenShift/276_OpenShift_Quarkus/276_OpenShift_Quarkus_swimlane_0822_nowhite.png	145268
	277_OpenShift_Container_Platform_stack_1022_ 1.png	OpenShift				png	2022-10-28	for-web/OpenShift/277_OpenShift/277_OpenShift_Container_Platform_stack_1022_ 1.png	232936
	277_OpenShift_Container_Platform_stack_1022_2.png	OpenShift				png	2022-10-28	for-web/OpenShift/277_OpenShift/277_OpenShift_Container_Platform_stack_1022_2.png	214235
	277_OpenShift_Container_Platform_stack_1122_1.png	OpenShift				png	2022-11-15	for-web/OpenShift/277_OpenShift/277_OpenShift_Container_Platform_stack_1122_1.png	253074
	279_Quarkus_Bearer_Token_swimlane_0922_1.png	OpenShift				png	2022-09-01	for-web/OpenShift/279_OpenShift_Quarkus/279_Quarkus_Bearer_Token_swimlane_0922_1.png	87898
	279_Quarkus_Bearer_Token_swimlane_0922_2.png	OpenShift				png	2022-09-01	for-web/OpenShift/279_OpenShift_Quarkus/279_Quarkus_Bearer_Token_swimlane_0922_2.png	72522
	281_OpenShift_Agent-based_install_workflow_1022.png	OpenShift				png	2022-10-28	for-web/OpenShift/281_OpenShift/281_OpenShift_Agent-based_install_workflow_1022.png	168660
	286_OpenShift_on_Aws_pod_webhook_1122.png	OpenShift				png	2022-11-16	for-web/OpenShift/286_OpenShift/286_OpenShift_on_Aws_pod_webhook_1122.png	183881
	290_OpenShift_encapsulating_mount_namespaces_1122_after.png	OpenShift				png	2022-12-01	for-web/OpenShift/290_OpenShift/290_OpenShift_encapsulating_mount_namespaces_1122_after.png	169019
	290_OpenShift_encapsulating_mount_namespaces_1122_after.svg	OpenShift				svg	2022-12-01	for-web/OpenShift/290_OpenShift/290_OpenShift_encapsulating_mount_namespaces_1122_after.svg	12052
	290_OpenShift_encapsulating_mount_namespaces_1122_before.png	OpenShift				png	2022-12-01	for-web/OpenShift/290_OpenShift/290_OpenShift_encapsulating_mount_namespaces_1122_before.png	144382
	290_OpenShift_encapsulating_mount_namespaces_1122_before.svg	OpenShift				svg	2022-12-01	for-web/OpenShift/290_OpenShift/290_OpenShift_encapsulating_mount_namespaces_1122_before.svg	10549
	291_OpenShift_on_AWS_Intro_1122_docs.png	OpenShift				png	2022-11-17	for-web/OpenShift/291_OpenShift/291_OpenShift_on_AWS_Intro_1122_docs.png	116859
	291_OpenShift_on_AWS_Intro_1122_product-page.png	OpenShift				png	2022-11-17	for-web/OpenShift/291_OpenShift/291_OpenShift_on_AWS_Intro_1122_product-page.png	132577
	292_OpenShift_Configuring_multi-network_policy_1122.png	OpenShift				png	2022-11-17	for-web/OpenShift/292_OpenShift/292_OpenShift_Configuring_multi-network_policy_1122.png	39162
	293_OpenShift_Windows_workload_management_1122_1.png	OpenShift				png	2022-11-28	for-web/OpenShift/293_OpenShift/293_OpenShift_Windows_workload_management_1122_1.png	133620
	293_OpenShift_Windows_workload_management_1122_2.png	OpenShift				png	2022-11-28	for-web/OpenShift/293_OpenShift/293_OpenShift_Windows_workload_management_1122_2.png	81596
	295_OpenShift_Nodes_Overview_1222.png	OpenShift				png	2022-12-15	for-web/OpenShift/295_OpenShift/295_OpenShift_Nodes_Overview_1222.png	83326
	242_OpenShift_Plus_0422.png	OpenShift Plus				png	2022-04-22	for-web/OpenShift Plus/242_OpenShift_Plus/242_OpenShift_Plus_0422.png	251002
	106_OpenStack_Overcloud_Upgrade_Workflow_0720.svg	OpenStack				svg	2021-09-13	for-web/OpenStack/106_OpenStack/106_OpenStack_Overcloud_Upgrade_Workflow_0720.svg	12213
	122_OpenStack_NFV_Product_Guide_updates_1020-numa.svg	OpenStack				svg	2021-09-13	for-web/OpenStack/122_OpenStack/122_OpenStack_NFV_Product_Guide_updates_1020-numa.svg	14072
	122_OpenStack_NFV_Product_Guide_updates_1020-reference-arch.svg	OpenStack				svg	2021-09-13	for-web/OpenStack/122_OpenStack/122_OpenStack_NFV_Product_Guide_updates_1020-reference-arch.svg	62323
	134_OpenStach_Architecture_Overview_0121.svg	OpenStack				svg	2021-09-13	for-web/OpenStack/134_OpenStack/134_OpenStach_Architecture_Overview_0121.svg	13946
	134_OpenStack_Architecture_Overview_0121.png	OpenStack				png	2022-08-04	for-web/OpenStack/134_OpenStack/134_OpenStack_Architecture_Overview_0121.png	57059
	139_OpenStack_Partner_Integration_0221_director-overview.svg	OpenStack				svg	2021-09-13	for-web/OpenStack/139_OpenStack/139_OpenStack_Partner_Integration_0221_director-overview.svg	12798
	139_OpenStack_Partner_Integration_0221_ironic.svg	OpenStack				svg	2021-09-13	for-web/OpenStack/139_OpenStack/139_OpenStack_Partner_Integration_0221_ironic.svg	6247
	139_OpenStack_Partner_Integration_0221_orchestration.svg	OpenStack				svg	2021-09-13	for-web/OpenStack/139_OpenStack/139_OpenStack_Partner_Integration_0221_orchestration.svg	8260
	140_OpenStack_NFV_product_guide_updates_0221-reference-arch-OVN.svg	OpenStack				svg	2021-09-13	for-web/OpenStack/140_OpenStack/140_OpenStack_NFV_product_guide_updates_0221-reference-arch-OVN.svg	62523
	140_OpenStack_NFV_product_guide_updates_0221-reference-arch.svg	OpenStack				svg	2021-09-13	for-web/OpenStack/140_OpenStack/140_OpenStack_NFV_product_guide_updates_0221-reference-arch.svg	62323
	143_OpenStack_Octavia_load_balancing_0321_1.svg	OpenStack				svg	2021-09-13	for-web/OpenStack/143_OpenStack/143_OpenStack_Octavia_load_balancing_0321_1.svg	14959
	143_OpenStack_Octavia_load_balancing_0321_2.svg	OpenStack				svg	2021-09-13	for-web/OpenStack/143_OpenStack/143_OpenStack_Octavia_load_balancing_0321_2.svg	11526
	145_OpenStack_Instances_Images_updates_0321_overview.svg	OpenStack				svg	2021-09-13	for-web/OpenStack/145_OpenStack/145_OpenStack_Instances_Images_updates_0321_overview.svg	5980
	185_OpenStack_Certification_Workflow_0921.png	OpenStack				png	2021-09-30	for-web/OpenStack/185_OpenStack/185_OpenStack_Certification_Workflow_0921.png	160151
	185_OpenStack_Certification_Workflow_0921.svg	OpenStack				svg	2021-09-30	for-web/OpenStack/185_OpenStack/185_OpenStack_Certification_Workflow_0921.svg	11617
	185_OpenStack_Certification_Workflow_0921_OpenShift.png	OpenStack				png	2021-09-30	for-web/OpenStack/185_OpenStack/185_OpenStack_Certification_Workflow_0921_OpenShift.png	156830
	185_OpenStack_Certification_Workflow_0921_OpenShift.svg	OpenStack				svg	2021-09-30	for-web/OpenStack/185_OpenStack/185_OpenStack_Certification_Workflow_0921_OpenShift.svg	11673
	188_OpenStack_DNS-as-a-service_1221_arch.png	OpenStack				png	2021-12-03	for-web/OpenStack/188_OpenStack/188_OpenStack_DNS-as-a-service_1221_arch.png	108966
	188_OpenStack_DNS-as-a-service_1221_common_dns.png	OpenStack				png	2021-12-03	for-web/OpenStack/188_OpenStack/188_OpenStack_DNS-as-a-service_1221_common_dns.png	105293
	188_OpenStack_DNS-as-a-service_1221_dns_service.png	OpenStack				png	2021-12-03	for-web/OpenStack/188_OpenStack/188_OpenStack_DNS-as-a-service_1221_dns_service.png	55280
	188_OpenStack_DNS-as-a-service_1221_name_system.png	OpenStack				png	2021-12-09	for-web/OpenStack/188_OpenStack/188_OpenStack_DNS-as-a-service_1221_name_system.png	62144
	188_OpenStack_DNS-as-a-service_1221_resolver.png	OpenStack				png	2021-12-09	for-web/OpenStack/188_OpenStack/188_OpenStack_DNS-as-a-service_1221_resolver.png	87389
	188_OpenStack_DNS-as-a-service_1221_topology.png	OpenStack				png	2021-12-03	for-web/OpenStack/188_OpenStack/188_OpenStack_DNS-as-a-service_1221_topology.png	108005
	249_OpenStack_Spine_Leaf_updates_0522_API-network.png	OpenStack				png	2022-05-19	for-web/OpenStack/249_OpenStack/249_OpenStack_Spine_Leaf_updates_0522_API-network.png	69017
	249_OpenStack_Spine_Leaf_updates_0522_VLAN.png	OpenStack				png	2022-05-19	for-web/OpenStack/249_OpenStack/249_OpenStack_Spine_Leaf_updates_0522_VLAN.png	134401
	249_OpenStack_Spine_Leaf_updates_0522_VXLAN.png	OpenStack				png	2022-05-19	for-web/OpenStack/249_OpenStack/249_OpenStack_Spine_Leaf_updates_0522_VXLAN.png	133540
	249_OpenStack_Spine_Leaf_updates_0522_routed.png	OpenStack				png	2022-05-19	for-web/OpenStack/249_OpenStack/249_OpenStack_Spine_Leaf_updates_0522_routed.png	127029
	268_OpenStack_Overcloud_Upgrade_Workflow_0622.png	OpenStack				png	2022-06-29	for-web/OpenStack/268_OpenStack/268_OpenStack_Overcloud_Upgrade_Workflow_0622.png	287008
	273_OpenStack_compute_service_configuring_0822_cole_migration.png	OpenStack				png	2022-08-19	for-web/OpenStack/273_OpenStack/273_OpenStack_compute_service_configuring_0822_cole_migration.png	63860
	273_OpenStack_compute_service_configuring_0822_live_migration.png	OpenStack				png	2022-08-19	for-web/OpenStack/273_OpenStack/273_OpenStack_compute_service_configuring_0822_live_migration.png	63562
	273_OpenStack_compute_service_configuring_0822_scheduler.png	OpenStack				png	2022-08-19	for-web/OpenStack/273_OpenStack/273_OpenStack_compute_service_configuring_0822_scheduler.png	41742
	284_OpenStack_Life_Cycle_updates_0922_13.png	OpenStack				png	2022-09-23	for-web/OpenStack/284_OpenStack/284_OpenStack_Life_Cycle_updates_0922_13.png	24491
	284_OpenStack_Life_Cycle_updates_0922_16.png	OpenStack				png	2022-09-23	for-web/OpenStack/284_OpenStack/284_OpenStack_Life_Cycle_updates_0922_16.png	44680
	284_OpenStack_Life_Cycle_updates_0922_17.png	OpenStack				png	2022-09-23	for-web/OpenStack/284_OpenStack/284_OpenStack_Life_Cycle_updates_0922_17.png	38414
	199_PSSC_whitepaper_1121_arc.png	PSSC				png	2021-11-11	for-web/PSSC/199_PSSC_whitepaper_1121_arc.png	105030
	199_PSSC_whitepaper_1121_wheel.png	PSSC				png	2021-11-17	for-web/PSSC/199_PSSC_whitepaper_1121_wheel.png	282138
	208_PSSC_0122_design_team.png	PSSC				png	2022-03-28	for-web/PSSC/208_PSSC/208_PSSC_0122_design_team.png	43252
	208_PSSC_0122_operations_team.png	PSSC				png	2022-03-28	for-web/PSSC/208_PSSC/208_PSSC_0122_operations_team.png	62161
	208_PSSC_whitepaper_0322_arc.png	PSSC				png	2022-03-28	for-web/PSSC/208_PSSC/208_PSSC_whitepaper_0322_arc.png	101412
	208_PSSC_whitepaper_0322_design_team_crop.png	PSSC				png	2022-03-28	for-web/PSSC/208_PSSC/208_PSSC_whitepaper_0322_design_team_crop.png	39886
	238_PSSC_timeline_0322.png	PSSC				png	2022-03-28	for-web/PSSC/238_PSSC/238_PSSC_timeline_0322.png	116614
	238_PSSC_timeline_0422.png	PSSC				png	2022-04-22	for-web/PSSC/238_PSSC/238_PSSC_timeline_0422.png	111253
	178_Quay_architecture_0821_air-gapped.png	Quay				png	2021-09-14	for-web/Quay/178_Quay/178_Quay_architecture_0821_air-gapped.png	93775
	178_Quay_architecture_0821_deploy_topology.png	Quay				png	2021-09-14	for-web/Quay/178_Quay/178_Quay_architecture_0821_deploy_topology.png	86412
	178_Quay_architecture_0821_deploy_topology_storage.png	Quay				png	2021-09-14	for-web/Quay/178_Quay/178_Quay_architecture_0821_deploy_topology_storage.png	82962
	178_Quay_architecture_0821_deployment_ex1.png	Quay				png	2021-09-14	for-web/Quay/178_Quay/178_Quay_architecture_0821_deployment_ex1.png	77769
	178_Quay_architecture_0821_deployment_ex2.png	Quay				png	2021-09-14	for-web/Quay/178_Quay/178_Quay_architecture_0821_deployment_ex2.png	72074
	178_Quay_architecture_0821_features.png	Quay				png	2021-09-14	for-web/Quay/178_Quay/178_Quay_architecture_0821_features.png	35199
	178_Quay_architecture_0821_georeplication.png	Quay				png	2021-09-14	for-web/Quay/178_Quay/178_Quay_architecture_0821_georeplication.png	121456
	178_Quay_architecture_0821_georeplication_openshift.png	Quay				png	2021-09-14	for-web/Quay/178_Quay/178_Quay_architecture_0821_georeplication_openshift.png	115839
	178_Quay_architecture_0821_on-premises_config.png	Quay				png	2021-09-14	for-web/Quay/178_Quay/178_Quay_architecture_0821_on-premises_config.png	114147
	178_Quay_architecture_0821_on_AWS.png	Quay				png	2021-09-14	for-web/Quay/178_Quay/178_Quay_architecture_0821_on_AWS.png	58108
	178_Quay_architecture_0821_on_Azure.png	Quay				png	2021-09-14	for-web/Quay/178_Quay/178_Quay_architecture_0821_on_Azure.png	58605
	178_Quay_architecture_0821_operator-and-config.png	Quay				png	2021-09-14	for-web/Quay/178_Quay/178_Quay_architecture_0821_operator-and-config.png	79823
	178_Quay_architecture_0821_tenancy_model.png	Quay				png	2021-09-14	for-web/Quay/178_Quay/178_Quay_architecture_0821_tenancy_model.png	84092
	253_Quay_Geo-replication_arch_0622_georeplication.png	Quay				png	2022-06-22	for-web/Quay/253_Quay/253_Quay_Geo-replication_arch_0622_georeplication.png	134057
	253_Quay_Geo-replication_arch_0622_georeplication_openshift.png	Quay				png	2022-06-22	for-web/Quay/253_Quay/253_Quay_Geo-replication_arch_0622_georeplication_openshift.png	123314
	186_RHACM_misc._1221_governance-arch.png	RHACM				png	2021-12-06	for-web/RHACM/186_RHACM/186_RHACM_misc._1221_governance-arch.png	195649
	186_RHACM_misc._1221_multicluster-arc.png	RHACM				png	2021-12-06	for-web/RHACM/186_RHACM/186_RHACM_misc._1221_multicluster-arc.png	81575
	186_RHACM_misc._1221_observability-arch.png	RHACM				png	2021-12-10	for-web/RHACM/186_RHACM/186_RHACM_misc._1221_observability-arch.png	86197
	186_RHACM_misc._1221_subscription.png	RHACM				png	2021-12-06	for-web/RHACM/186_RHACM/186_RHACM_misc._1221_subscription.png	50765
	192_RHACM_backup_controller_1021.png	RHACM				png	2021-10-28	for-web/RHACM/192_RHACM/192_RHACM_backup_controller_1021.png	56210
	224_RHACM_Cluster_Lifecycle_Arch_0222.png	RHACM				png	2022-02-28	for-web/RHACM/224_RHACM/224_RHACM_Cluster_Lifecycle_Arch_0222.png	148638
	224_RHACM_Cluster_Lifecycle_Arch_1022_lifecycle1.png	RHACM				png	2022-10-31	for-web/RHACM/224_RHACM/224_RHACM_Cluster_Lifecycle_Arch_1022_lifecycle1.png	153784
	224_RHACM_Cluster_Lifecycle_Arch_1022_lifecycle2.png	RHACM				png	2022-10-31	for-web/RHACM/224_RHACM/224_RHACM_Cluster_Lifecycle_Arch_1022_lifecycle2.png	133178
	235_RHACM_backup_0422_1.png	RHACM				png	2022-04-05	for-web/RHACM/235_RHACM/235_RHACM_backup_0422_1.png	63068
	235_RHACM_backup_0422_2a.png	RHACM				png	2022-04-05	for-web/RHACM/235_RHACM/235_RHACM_backup_0422_2a.png	71100
	235_RHACM_backup_0422_2b.png	RHACM				png	2022-04-05	for-web/RHACM/235_RHACM/235_RHACM_backup_0422_2b.png	112360
	241_RHACM_and_governance_architecture_0422_blog.png	RHACM				png	2022-04-14	for-web/RHACM/241_RHACM/241_RHACM_and_governance_architecture_0422_blog.png	293381
	241_RHACM_and_governance_architecture_0422_slides.png	RHACM				png	2022-04-14	for-web/RHACM/241_RHACM/241_RHACM_and_governance_architecture_0422_slides.png	379037
	214_RHACS_Architecture_0322-arch-with.png	RHACS				png	2022-03-30	for-web/RHACS/214_RHACS/214_RHACS_Architecture_0322-arch-with.png	148651
	214_RHACS_Architecture_0322-arch-without.png	RHACS				png	2022-03-30	for-web/RHACS/214_RHACS/214_RHACS_Architecture_0322-arch-without.png	142358
	214_RHACS_Architecture_0322-physical-with.png	RHACS				png	2022-03-30	for-web/RHACS/214_RHACS/214_RHACS_Architecture_0322-physical-with.png	51771
	214_RHACS_Architecture_0322-physical-without.png	RHACS				png	2022-03-30	for-web/RHACS/214_RHACS/214_RHACS_Architecture_0322-physical-without.png	45539
	229_RHDS_configuring_databases_0422_1.1.png	RHDS				png	2022-04-26	for-web/RHDS/229_RHDS/229_RHDS_configuring_databases_0422_1.1.png	28125
	229_RHDS_configuring_databases_0422_1.2.png	RHDS				png	2022-04-26	for-web/RHDS/229_RHDS/229_RHDS_configuring_databases_0422_1.2.png	29897
	229_RHDS_configuring_databases_0422_1.3.png	RHDS				png	2022-04-26	for-web/RHDS/229_RHDS/229_RHDS_configuring_databases_0422_1.3.png	25388
	229_RHDS_configuring_databases_0422_3.1.png	RHDS				png	2022-04-26	for-web/RHDS/229_RHDS/229_RHDS_configuring_databases_0422_3.1.png	39494
	229_RHDS_configuring_databases_0422_3.2.png	RHDS				png	2022-04-26	for-web/RHDS/229_RHDS/229_RHDS_configuring_databases_0422_3.2.png	21486
	229_RHDS_configuring_databases_0422_3.3.png	RHDS				png	2022-04-26	for-web/RHDS/229_RHDS/229_RHDS_configuring_databases_0422_3.3.png	105024
	230_RHDS_managing_attributes_values_0422_1.png	RHDS				png	2022-04-26	for-web/RHDS/230_RHDS/230_RHDS_managing_attributes_values_0422_1.png	51022
	230_RHDS_managing_attributes_values_0422_2.png	RHDS				png	2022-04-26	for-web/RHDS/230_RHDS/230_RHDS_managing_attributes_values_0422_2.png	48366
	230_RHDS_managing_attributes_values_0422_3.png	RHDS				png	2022-04-26	for-web/RHDS/230_RHDS/230_RHDS_managing_attributes_values_0422_3.png	64869
	125_RHEL_for_Edge_1020-features.svg	RHEL				svg	2021-09-13	for-web/RHEL/125_RHEL/125_RHEL_for_Edge_1020-features.svg	2260
	125_RHEL_for_Edge_1020-image-restore.svg	RHEL				svg	2021-09-13	for-web/RHEL/125_RHEL/125_RHEL_for_Edge_1020-image-restore.svg	8634
	125_RHEL_for_Edge_1020-remote.svg	RHEL				svg	2021-09-13	for-web/RHEL/125_RHEL/125_RHEL_for_Edge_1020-remote.svg	8624
	125_RHEL_for_Edge_1020-workflow.svg	RHEL				svg	2021-09-13	for-web/RHEL/125_RHEL/125_RHEL_for_Edge_1020-workflow.svg	17421
	125_RHEL_for_Edge_1220-workflow.svg	RHEL				svg	2021-09-13	for-web/RHEL/125_RHEL/125_RHEL_for_Edge_1220-workflow.svg	17420
	126_RHEL_TIPC_Architecture_1020.svg	RHEL				svg	2021-09-13	for-web/RHEL/126_RHEL/126_RHEL_TIPC_Architecture_1020.svg	5089
	133_RHEL_Memory_Usage_Patterns_0121.svg	RHEL				svg	2021-09-13	for-web/RHEL/133_RHEL/133_RHEL_Memory_Usage_Patterns_0121.svg	3526
	137_RHEL_IdM_updates_0121-backup_restore.svg	RHEL				svg	2021-09-13	for-web/RHEL/137_RHEL/137_RHEL_IdM_updates_0121-backup_restore.svg	3453
	164_RHEL_for_Edge_1121_simplified_workflow.png	RHEL				png	2021-11-04	for-web/RHEL/164_RHEL/164_RHEL_for_Edge_1121_simplified_workflow.png	102744
	164_RHEL_for_Edge_1121_workflow.png	RHEL				png	2021-11-23	for-web/RHEL/164_RHEL/164_RHEL_for_Edge_1121_workflow.png	128728
	164_RHEL_for_Edge_1121_workflow.svg	RHEL				svg	2021-11-23	for-web/RHEL/164_RHEL/164_RHEL_for_Edge_1121_workflow.svg	17599
	ad_user_info.svg	RHEL				svg	2021-09-13	for-web/RHEL/169_RHEL/ad_user_info.svg	6881
	authentication.svg	RHEL				svg	2021-09-13	for-web/RHEL/169_RHEL/authentication.svg	16367
	user_info.svg	RHEL				svg	2021-09-13	for-web/RHEL/169_RHEL/user_info.svg	10790
	173_RHEL_instaling_PCP_0721_centralized.svg	RHEL				svg	2021-09-13	for-web/RHEL/173_RHEL/173_RHEL_instaling_PCP_0721_centralized.svg	10215
	173_RHEL_instaling_PCP_0721_decentralized.svg	RHEL				svg	2021-09-13	for-web/RHEL/173_RHEL/173_RHEL_instaling_PCP_0721_decentralized.svg	10983
	173_RHEL_instaling_PCP_0721_federated.svg	RHEL				svg	2021-09-13	for-web/RHEL/173_RHEL/173_RHEL_instaling_PCP_0721_federated.svg	20603
	191_RHEL_TuneD_1021.png	RHEL				png	2021-10-21	for-web/RHEL/191_RHEL/191_RHEL_TuneD_1021.png	45248
	215_RHEL_Supported_HA_Scenarious_0222_1.2.2.png	RHEL				png	2022-02-25	for-web/RHEL/215_RHEL/215_RHEL_Supported_HA_Scenarious_0222_1.2.2.png	50644
	215_RHEL_Supported_HA_Scenarious_0222_1.2.3.png	RHEL				png	2022-02-25	for-web/RHEL/215_RHEL/215_RHEL_Supported_HA_Scenarious_0222_1.2.3.png	58722
	215_RHEL_Supported_HA_Scenarious_0222_1.2.4.png	RHEL				png	2022-02-25	for-web/RHEL/215_RHEL/215_RHEL_Supported_HA_Scenarious_0222_1.2.4.png	60409
	215_RHEL_Supported_HA_Scenarious_0222_1.2.5.png	RHEL				png	2022-02-25	for-web/RHEL/215_RHEL/215_RHEL_Supported_HA_Scenarious_0222_1.2.5.png	61159
	215_RHEL_Supported_HA_Scenarious_0222_1.3.png	RHEL				png	2022-02-25	for-web/RHEL/215_RHEL/215_RHEL_Supported_HA_Scenarious_0222_1.3.png	173745
	215_RHEL_Supported_HA_Scenarious_0222_2.2.png	RHEL				png	2022-03-03	for-web/RHEL/215_RHEL/215_RHEL_Supported_HA_Scenarious_0222_2.2.png	80838
	215_RHEL_Supported_HA_Scenarious_0222_3.2.png	RHEL				png	2022-03-03	for-web/RHEL/215_RHEL/215_RHEL_Supported_HA_Scenarious_0222_3.2.png	83054
	215_RHEL_Supported_HA_Scenarious_0322_3.3.png	RHEL				png	2022-03-23	for-web/RHEL/215_RHEL/215_RHEL_Supported_HA_Scenarious_0322_3.3.png	84924
	219_RHEL_using_VXLAN_0222.png	RHEL				png	2022-02-16	for-web/RHEL/219_RHEL/219_RHEL_using_VXLAN_0222.png	82838
	227_RHEL_hostapd_FreeRADIUS_0422.png	RHEL				png	2022-04-05	for-web/RHEL/227_RHEL/227_RHEL_hostapd_FreeRADIUS_0422.png	55564
	231_RHEL_troubleshooting_cross-forest_0422_AD-child.png	RHEL				png	2022-04-20	for-web/RHEL/231_RHEL/231_RHEL_troubleshooting_cross-forest_0422_AD-child.png	77390
	231_RHEL_troubleshooting_cross-forest_0422_AD-request.png	RHEL				png	2022-04-20	for-web/RHEL/231_RHEL/231_RHEL_troubleshooting_cross-forest_0422_AD-request.png	48284
	231_RHEL_troubleshooting_cross-forest_0422_IdM-request.png	RHEL				png	2022-04-20	for-web/RHEL/231_RHEL/231_RHEL_troubleshooting_cross-forest_0422_IdM-request.png	40209
	231_RHEL_troubleshooting_cross-forest_0422_firewall.png	RHEL				png	2022-04-20	for-web/RHEL/231_RHEL/231_RHEL_troubleshooting_cross-forest_0422_firewall.png	138510
	239_RHEL_for_Edge_FDO_0322.png	RHEL				png	2022-03-29	for-web/RHEL/239_RHEL/239_RHEL_for_Edge_FDO_0322.png	147602
	243_RHEL_for_Edge_updates_0422_1.1.png	RHEL				png	2022-04-14	for-web/RHEL/243_RHEL/243_RHEL_for_Edge_updates_0422_1.1.png	106363
	243_RHEL_for_Edge_updates_0422_1.2.png	RHEL				png	2022-04-14	for-web/RHEL/243_RHEL/243_RHEL_for_Edge_updates_0422_1.2.png	102592
	243_RHEL_for_Edge_updates_0422_5.1.png	RHEL				png	2022-04-14	for-web/RHEL/243_RHEL/243_RHEL_for_Edge_updates_0422_5.1.png	75268
	244_RHEL_Virtualization_Architecture_0422.png	RHEL				png	2022-04-28	for-web/RHEL/244_RHEL/244_RHEL_Virtualization_Architecture_0422.png	96660
	245_RHEL_9_Life_Cycle_0422.png	RHEL				png	2022-04-26	for-web/RHEL/245_RHEL/245_RHEL_9_Life_Cycle_0422.png	38809
	266_RHEL_Config_Manag_Logical_Volumes_0622_1.png	RHEL				png	2022-06-24	for-web/RHEL/266_RHEL/266_RHEL_Config_Manag_Logical_Volumes_0622_1.png	59922
	266_RHEL_Config_Manag_Logical_Volumes_0622_2.png	RHEL				png	2022-06-24	for-web/RHEL/266_RHEL/266_RHEL_Config_Manag_Logical_Volumes_0622_2.png	51128
	269_RHEL_Managing_Storage_updates_0822_7.1.png	RHEL				png	2022-08-05	for-web/RHEL/269_RHEL/269_RHEL_Managing_Storage_updates_0822_7.1.png	27472
	269_RHEL_Managing_Storage_updates_0822_9.1-MBR.png	RHEL				png	2022-08-05	for-web/RHEL/269_RHEL/269_RHEL_Managing_Storage_updates_0822_9.1-MBR.png	25490
	269_RHEL_Managing_Storage_updates_0822_9.1.png	RHEL				png	2022-08-05	for-web/RHEL/269_RHEL/269_RHEL_Managing_Storage_updates_0822_9.1.png	38494
	269_RHEL_Managing_Storage_updates_0822_9.2-MBR.png	RHEL				png	2022-08-05	for-web/RHEL/269_RHEL/269_RHEL_Managing_Storage_updates_0822_9.2-MBR.png	37963
	269_RHEL_Managing_Storage_updates_0822_9.2.png	RHEL				png	2022-08-05	for-web/RHEL/269_RHEL/269_RHEL_Managing_Storage_updates_0822_9.2.png	42085
	269_RHEL_Managing_Storage_updates_0822_9.3-MBR.png	RHEL				png	2022-08-05	for-web/RHEL/269_RHEL/269_RHEL_Managing_Storage_updates_0822_9.3-MBR.png	45303
	269_RHEL_Managing_Storage_updates_0822_9.3.png	RHEL				png	2022-08-05	for-web/RHEL/269_RHEL/269_RHEL_Managing_Storage_updates_0822_9.3.png	43798
	269_RHEL_Managing_Storage_updates_0822_9.4-GPT.png	RHEL				png	2022-08-05	for-web/RHEL/269_RHEL/269_RHEL_Managing_Storage_updates_0822_9.4-GPT.png	46293
	269_RHEL_Managing_Storage_updates_0822_9.4.png	RHEL				png	2022-08-05	for-web/RHEL/269_RHEL/269_RHEL_Managing_Storage_updates_0822_9.4.png	40272
	269_RHEL_Managing_Storage_updates_0822_9.5.png	RHEL				png	2022-08-05	for-web/RHEL/269_RHEL/269_RHEL_Managing_Storage_updates_0822_9.5.png	40269
	269_RHEL_Managing_Storage_updates_0822_9.6.png	RHEL				png	2022-08-05	for-web/RHEL/269_RHEL/269_RHEL_Managing_Storage_updates_0822_9.6.png	44219
	269_RHEL_Managing_Storage_updates_0822_high-level.png	RHEL				png	2022-08-05	for-web/RHEL/269_RHEL/269_RHEL_Managing_Storage_updates_0822_high-level.png	132644
	270_RHEL_Config_Manag_Networking_0822_1.png	RHEL				png	2022-08-05	for-web/RHEL/270_RHEL/270_RHEL_Config_Manag_Networking_0822_1.png	76111
	270_RHEL_Config_Manag_Networking_0822_2.png	RHEL				png	2022-08-05	for-web/RHEL/270_RHEL/270_RHEL_Config_Manag_Networking_0822_2.png	84186
	275_RHEL_LVM-VDO_scenarios_1022_1.png	RHEL				png	2022-10-03	for-web/RHEL/275_RHEL/275_RHEL_LVM-VDO_scenarios_1022_1.png	93865
	275_RHEL_LVM-VDO_scenarios_1022_2.png	RHEL				png	2022-10-03	for-web/RHEL/275_RHEL/275_RHEL_LVM-VDO_scenarios_1022_2.png	73892
	275_RHEL_LVM-VDO_scenarios_1022_3.png	RHEL				png	2022-10-03	for-web/RHEL/275_RHEL/275_RHEL_LVM-VDO_scenarios_1022_3.png	71960
	275_RHEL_LVM-VDO_scenarios_1022_4.png	RHEL				png	2022-10-03	for-web/RHEL/275_RHEL/275_RHEL_LVM-VDO_scenarios_1022_4.png	79425
	288_RHEL_Keylime_1122_connections.png	RHEL				png	2022-11-15	for-web/RHEL/288_RHEL/288_RHEL_Keylime_1122_connections.png	175812
	288_RHEL_Keylime_1122_relations.png	RHEL				png	2022-11-09	for-web/RHEL/288_RHEL/288_RHEL_Keylime_1122_relations.png	46172
	96_RHEL_Managing_File_Systems_0720-9.1-MBR.svg	RHEL				svg	2021-09-13	for-web/RHEL/96_RHEL/96_RHEL_Managing_File_Systems_0720-9.1-MBR.svg	3355
	96_RHEL_Managing_File_Systems_0720-9.1.svg	RHEL				svg	2021-09-13	for-web/RHEL/96_RHEL/96_RHEL_Managing_File_Systems_0720-9.1.svg	4057
	96_RHEL_Managing_File_Systems_0720-9.2-MBR.svg	RHEL				svg	2021-09-13	for-web/RHEL/96_RHEL/96_RHEL_Managing_File_Systems_0720-9.2-MBR.svg	3401
	96_RHEL_Managing_File_Systems_0720-9.2.svg	RHEL				svg	2021-09-13	for-web/RHEL/96_RHEL/96_RHEL_Managing_File_Systems_0720-9.2.svg	4227
	96_RHEL_Managing_File_Systems_0720-9.3.svg	RHEL				svg	2021-09-13	for-web/RHEL/96_RHEL/96_RHEL_Managing_File_Systems_0720-9.3.svg	4066
	96_RHEL_Managing_File_Systems_0720-9.4.svg	RHEL				svg	2021-09-13	for-web/RHEL/96_RHEL/96_RHEL_Managing_File_Systems_0720-9.4.svg	3487
	96_RHEL_Managing_File_Systems_0720-9.5.svg	RHEL				svg	2021-09-13	for-web/RHEL/96_RHEL/96_RHEL_Managing_File_Systems_0720-9.5.svg	4189
	96_RHEL_Managing_File_Systems_0720-9.6.svg	RHEL				svg	2021-09-13	for-web/RHEL/96_RHEL/96_RHEL_Managing_File_Systems_0720-9.6.svg	4774
	96_RHEL_Managing_File_Systems_0720-GPT.svg	RHEL				svg	2021-09-13	for-web/RHEL/96_RHEL/96_RHEL_Managing_File_Systems_0720-GPT.svg	3263
	96_RHEL_Managing_File_Systems_0720-MBR.svg	RHEL				svg	2021-09-13	for-web/RHEL/96_RHEL/96_RHEL_Managing_File_Systems_0720-MBR.svg	4426
	96_RHEL_Managing_File_Systems_0720_7.1.svg	RHEL				svg	2021-09-13	for-web/RHEL/96_RHEL/96_RHEL_Managing_File_Systems_0720_7.1.svg	5923
	104_RHI_Camel_K_Connector_1020.svg	RHI				svg	2021-09-13	for-web/RHI/104_RHI/104_RHI_Camel_K_Connector_1020.svg	4586
	144_RHI_Camel_K_Connector_updates_0221.svg	RHI				svg	2021-09-13	for-web/RHI/144_RHI/144_RHI_Camel_K_Connector_updates_0221.svg	4548
	123_RHPAM_Ingrating_AI_Decision_Manager-fig8.1.svg	RHPAM				svg	2021-09-13	for-web/RHPAM/123_RHPAM/123_RHPAM_Ingrating_AI_Decision_Manager-fig8.1.svg	3930
	123_RHPAM_Ingrating_AI_Decision_Manager-fig8.2.svg	RHPAM				svg	2021-09-13	for-web/RHPAM/123_RHPAM/123_RHPAM_Ingrating_AI_Decision_Manager-fig8.2.svg	3226
	123_RHPAM_Ingrating_AI_Decision_Manager-fig8.3.svg	RHPAM				svg	2021-09-13	for-web/RHPAM/123_RHPAM/123_RHPAM_Ingrating_AI_Decision_Manager-fig8.3.svg	3806
	123_RHPAM_Ingrating_AI_Decision_Manager-fig8.4.svg	RHPAM				svg	2021-09-13	for-web/RHPAM/123_RHPAM/123_RHPAM_Ingrating_AI_Decision_Manager-fig8.4.svg	3882
	123_RHPAM_Integrating_AI_1020_building-blocks.svg	RHPAM				svg	2021-09-13	for-web/RHPAM/123_RHPAM/123_RHPAM_Integrating_AI_1020_building-blocks.svg	11857
	123_RHPAM_Integrating_AI_1020_equation.svg	RHPAM				svg	2021-09-13	for-web/RHPAM/123_RHPAM/123_RHPAM_Integrating_AI_1020_equation.svg	2576
	123_RHPAM_Integrating_AI_1020_overview.svg	RHPAM				svg	2021-09-13	for-web/RHPAM/123_RHPAM/123_RHPAM_Integrating_AI_1020_overview.svg	7295
	99_RHPAM_Business_Center_0920_DM-HA_arch_OCP.svg	RHPAM				svg	2021-09-13	for-web/RHPAM/99_RHPAM/99_RHPAM_Business_Center_0920_DM-HA_arch_OCP.svg	16064
	99_RHPAM_Business_Center_0920_DM-non_HA_arch.svg	RHPAM				svg	2021-09-13	for-web/RHPAM/99_RHPAM/99_RHPAM_Business_Center_0920_DM-non_HA_arch.svg	5497
	99_RHPAM_Business_Center_0920_HA_arch_OCP.svg	RHPAM				svg	2021-09-13	for-web/RHPAM/99_RHPAM/99_RHPAM_Business_Center_0920_HA_arch_OCP.svg	16842
	99_RHPAM_Business_Center_0920_HA_arch_onprem.svg	RHPAM				svg	2021-09-13	for-web/RHPAM/99_RHPAM/99_RHPAM_Business_Center_0920_HA_arch_onprem.svg	5922
	99_RHPAM_Business_Center_0920_non_HA_arch.svg	RHPAM				svg	2021-09-13	for-web/RHPAM/99_RHPAM/99_RHPAM_Business_Center_0920_non_HA_arch.svg	5690
	172_RHUI_overview_updates_1121.png	RHUI				png	2021-11-01	for-web/RHUI/172_RHUI_overview_updates_1121.png	103429
	207_Satellite_Content_Management_0222.png	Satellite				png	2022-02-15	for-web/Satellite/207_Satellite/207_Satellite_Content_Management_0222.png	65004
	207_Satellite_Content_Management_0222_9.1.png	Satellite				png	2022-02-08	for-web/Satellite/207_Satellite/207_Satellite_Content_Management_0222_9.1.png	42797
	207_Satellite_Content_Management_0222_9.2.png	Satellite				png	2022-02-08	for-web/Satellite/207_Satellite/207_Satellite_Content_Management_0222_9.2.png	42155
	207_Satellite_Content_Management_0222_9.4.png	Satellite				png	2022-02-08	for-web/Satellite/207_Satellite/207_Satellite_Content_Management_0222_9.4.png	54877
	virt-who-overview.png	Satellite				png	2022-10-03	for-web/Satellite/278_Satellite/Config_VM_Subscriptions/virt-who-overview.png	54462
	load_balancing_architecture.png	Satellite				png	2022-10-12	for-web/Satellite/278_Satellite/Configuring_Capsules/load_balancing_architecture.png	42279
	application_life_cycle_sat.png	Satellite				png	2022-09-28	for-web/Satellite/278_Satellite/Managing_Content/application_life_cycle_sat.png	69547
	host_group_structures.png	Satellite				png	2022-10-13	for-web/Satellite/278_Satellite/Overview_Concepts_Deployment/host_group_structures.png	86414
	lc_path-basic.png	Satellite				png	2022-09-08	for-web/Satellite/278_Satellite/Overview_Concepts_Deployment/lc_path-basic.png	10040
	lc_path-diverged.png	Satellite				png	2022-09-08	for-web/Satellite/278_Satellite/Overview_Concepts_Deployment/lc_path-diverged.png	28359
	lc_path-simple.png	Satellite				png	2022-09-08	for-web/Satellite/278_Satellite/Overview_Concepts_Deployment/lc_path-simple.png	13351
	life_cycle.png	Satellite				png	2022-09-28	for-web/Satellite/278_Satellite/Overview_Concepts_Deployment/life_cycle.png	127148
	server_multiple_manifests.png	Satellite				png	2022-09-08	for-web/Satellite/278_Satellite/Overview_Concepts_Deployment/server_multiple_manifests.png	74028
	system_architecture.png	Satellite				png	2022-10-12	for-web/Satellite/278_Satellite/Overview_Concepts_Deployment/system_architecture.png	135877
	topology_direct.png	Satellite				png	2022-09-28	for-web/Satellite/278_Satellite/Overview_Concepts_Deployment/topology_direct.png	116169
	topology_isolated.png	Satellite				png	2022-09-28	for-web/Satellite/278_Satellite/Overview_Concepts_Deployment/topology_isolated.png	150544
	PXE-mode.svg	Satellite				svg	2022-09-28	for-web/Satellite/278_Satellite/PXE-mode.svg	20089
	PXEless-mode.svg	Satellite				svg	2022-09-28	for-web/Satellite/278_Satellite/PXEless-mode.svg	22146
	PXE-mode.png	Satellite				png	2022-09-28	for-web/Satellite/278_Satellite/Provisioning_Hosts/PXE-mode.png	104357
	PXEless-mode.png	Satellite				png	2022-09-28	for-web/Satellite/278_Satellite/Provisioning_Hosts/PXEless-mode.png	120300
	user-data-sequence.png	Satellite				png	2022-09-08	for-web/Satellite/278_Satellite/Provisioning_Hosts/user-data-sequence.png	102193
	aws_image1.png	Satellite				png	2022-09-08	for-web/Satellite/278_Satellite/Satellite_on_AWS/aws_image1.png	60587
	aws_image2.png	Satellite				png	2022-09-08	for-web/Satellite/278_Satellite/Satellite_on_AWS/aws_image2.png	86063
	aws_image3.png	Satellite				png	2022-09-08	for-web/Satellite/278_Satellite/Satellite_on_AWS/aws_image3.png	78086
	aws_image4.png	Satellite				png	2022-09-08	for-web/Satellite/278_Satellite/Satellite_on_AWS/aws_image4.png	101103
	aws_image5.png	Satellite				png	2022-09-08	for-web/Satellite/278_Satellite/Satellite_on_AWS/aws_image5.png	88073
	aws_image1-foreman.svg	Satellite				svg	2022-10-03	for-web/Satellite/278_Satellite/Upstream/aws_image1-foreman.svg	3623
	aws_image2-foreman.svg	Satellite				svg	2022-10-03	for-web/Satellite/278_Satellite/Upstream/aws_image2-foreman.svg	5092
	aws_image3-foreman.svg	Satellite				svg	2022-10-03	for-web/Satellite/278_Satellite/Upstream/aws_image3-foreman.svg	4621
	aws_image4-foreman.svg	Satellite				svg	2022-10-03	for-web/Satellite/278_Satellite/Upstream/aws_image4-foreman.svg	6332
	aws_image5-foreman.svg	Satellite				svg	2022-10-03	for-web/Satellite/278_Satellite/Upstream/aws_image5-foreman.svg	5749
	host_group_structures.svg	Satellite				svg	2022-10-03	for-web/Satellite/278_Satellite/Upstream/host_group_structures.svg	5753
	life_cycle-foreman.svg	Satellite				svg	2022-10-03	for-web/Satellite/278_Satellite/Upstream/life_cycle-foreman.svg	11370
	load_balancing_architecture-foreman.svg	Satellite				svg	2022-10-03	for-web/Satellite/278_Satellite/Upstream/load_balancing_architecture-foreman.svg	3245
	server_multiple_manifests-foreman.svg	Satellite				svg	2022-10-03	for-web/Satellite/278_Satellite/Upstream/server_multiple_manifests-foreman.svg	48108
	system_architecture-foreman.svg	Satellite				svg	2022-10-03	for-web/Satellite/278_Satellite/Upstream/system_architecture-foreman.svg	10663
	topology_direct-foreman.svg	Satellite				svg	2022-10-03	for-web/Satellite/278_Satellite/Upstream/topology_direct-foreman.svg	11789
	topology_isolated-foreman.svg	Satellite				svg	2022-10-03	for-web/Satellite/278_Satellite/Upstream/topology_isolated-foreman.svg	15039
	application_life_cycle_sat.svg	Satellite				svg	2022-09-28	for-web/Satellite/278_Satellite/application_life_cycle_sat.svg	17441
	aws_image1.svg	Satellite				svg	2022-09-28	for-web/Satellite/278_Satellite/aws_image1.svg	8788
	aws_image2.svg	Satellite				svg	2022-09-28	for-web/Satellite/278_Satellite/aws_image2.svg	13136
	aws_image3.svg	Satellite				svg	2022-09-28	for-web/Satellite/278_Satellite/aws_image3.svg	12018
	aws_image4.svg	Satellite				svg	2022-09-28	for-web/Satellite/278_Satellite/aws_image4.svg	16838
	aws_image5.svg	Satellite				svg	2022-09-28	for-web/Satellite/278_Satellite/aws_image5.svg	14803
	host_group_structures.svg	Satellite				svg	2022-09-28	for-web/Satellite/278_Satellite/host_group_structures.svg	17016
	lc_path-basic.svg	Satellite				svg	2022-09-28	for-web/Satellite/278_Satellite/lc_path-basic.svg	899
	lc_path-diverged.svg	Satellite				svg	2022-09-28	for-web/Satellite/278_Satellite/lc_path-diverged.svg	3255
	lc_path-simple.svg	Satellite				svg	2022-09-28	for-web/Satellite/278_Satellite/lc_path-simple.svg	1355
	life_cycle.svg	Satellite				svg	2022-09-28	for-web/Satellite/278_Satellite/life_cycle.svg	24936
	load_balancing_architecture.svg	Satellite				svg	2022-09-28	for-web/Satellite/278_Satellite/load_balancing_architecture.svg	8279
	server_multiple_manifests.svg	Satellite				svg	2022-09-28	for-web/Satellite/278_Satellite/server_multiple_manifests.svg	53187
	system_architecture.svg	Satellite				svg	2022-09-28	for-web/Satellite/278_Satellite/system_architecture.svg	21855
	topology_direct.svg	Satellite				svg	2022-09-28	for-web/Satellite/278_Satellite/topology_direct.svg	25493
	topology_isolated.svg	Satellite				svg	2022-09-28	for-web/Satellite/278_Satellite/topology_isolated.svg	33325
	user-data-sequence.svg	Satellite				svg	2022-09-28	for-web/Satellite/278_Satellite/user-data-sequence.svg	14123
	virt-who-overview.svg	Satellite				svg	2022-09-28	for-web/Satellite/278_Satellite/virt-who-overview.svg	9387
	203_RH_Peer_Review_Workflow_0422_flow_1.png	Workflows				png	2022-04-01	for-web/Workflows/230_Peer_Review/203_RH_Peer_Review_Workflow_0422_flow_1.png	284693
	203_RH_Peer_Review_Workflow_0422_flow_2.png	Workflows				png	2022-04-01	for-web/Workflows/230_Peer_Review/203_RH_Peer_Review_Workflow_0422_flow_2.png	195467
